PERIOD_START_TIME;PLMN name;RNC name;RNC ID;WBTS name;WBTS ID;WCEL name;WCEL ID;RACH: rach_denomi3;RACH: rach_peambles
04.15.2020 08:00:00;PLMN;MR3RN52 (id: 352);352;HATIKOUDAI (id: 1113);1113;Hatikoudai (id: 4);4;800;362
04.15.2020 08:00:00;PLMN;MR3RN52 (id: 352);352;HATINOHEBABATYOUAW (id: 43154);43154;WCEL4 (id: 4);4;1800;430
04.15.2020 08:00:00;PLMN;MR3RN52 (id: 352);352;HATINOHENAGANAWASIRODW (id: 41172);41172;WCEL4 (id: 4);4;1800;594
04.15.2020 08:00:00;PLMN;MR3RN52 (id: 352);352;IWAIZUMITAKASUKA (id: 3224);3224;Iwaizumitakasuka (id: 4);4;1800;225
04.15.2020 08:00:00;PLMN;MR3RN52 (id: 352);352;KARUMAIHAREYAMA (id: 41203);41203;Karumaihareyama (id: 4);4;1800;309
04.15.2020 08:00:00;PLMN;MR3RN52 (id: 352);352;KAWARAGIBW (id: 40186);40186;WCEL4 (id: 4);4;0;0
04.15.2020 08:00:00;PLMN;MR3RN52 (id: 352);352;PLB_IWAIZUMIOMOTOKONARI (id: 31268);31268;PLB_IWAIZUMIOMOTOKONARI (id: 920);920;1800;702
04.15.2020 08:00:00;PLMN;MR3RN52 (id: 352);352;PLB_IWAIZUMIOMOTOKONARI (id: 31268);31268;PLB_IWAIZUMIOMOTOKONARI (id: 910);910;1800;702
04.15.2020 08:00:00;PLMN;MR3RN52 (id: 352);352;PLB_KUJISIMOTOKUSARI (id: 36284);36284;PLB_KUJISIMOTOKUSARI (id: 910);910;1800;487
04.15.2020 08:00:00;PLMN;MR3RN57 (id: 357);357;PLB_ESASIYONESATOGAKUMASAWA (id: 31227);31227;PLB_ESASIYONESATOGAKUMASAWA (id: 920);920;1800;753
04.15.2020 08:00:00;PLMN;MR3RN57 (id: 357);357;PLB_ESASIYONESATOGAKUMASAWA (id: 31227);31227;PLB_ESASIYONESATOGAKUMASAWA (id: 910);910;1800;753
04.15.2020 08:00:00;PLMN;RF3RN23 (id: 323);323;SENDAIHIGASIJUUBANTYOUAW (id: 45336);45336;WCEL4 (id: 4);4;1800;444
04.15.2020 08:00:00;PLMN;RF3RN24 (id: 324);324;IZUMIZAKITYUUKAKUKOUGYOUDANTI (id: 45686);45686;Izumizakityuukakukougyoudanti (id: 4);4;1800;426
04.15.2020 08:00:00;PLMN;RF3RN24 (id: 324);324;KOORIYAMAOOTUKIMATIAW (id: 43661);43661;WCEL4 (id: 4);4;1800;386
04.15.2020 08:00:00;PLMN;RF3RN24 (id: 324);324;KOORIYAMAOOTUKIMATIBW (id: 44649);44649;WCEL4 (id: 4);4;0;0
04.15.2020 08:00:00;PLMN;RF3RN24 (id: 324);324;MOTOMIYAARAIAW (id: 43623);43623;MotomiyaaraiAW (id: 4);4;1800;753
04.15.2020 08:00:00;PLMN;RF3RN24 (id: 324);324;PLB_SIRAKAWAKAYANE (id: 14612);14612;PLB_SIRAKAWAKAYANE (id: 920);920;1800;1281
04.15.2020 08:00:00;PLMN;RF3RN24 (id: 324);324;PLB_SIRAKAWAKAYANE (id: 14612);14612;PLB_SIRAKAWAKAYANE (id: 910);910;1800;1281
04.15.2020 08:00:00;PLMN;RF3RN24 (id: 324);324;PLB_SIRAKAWAKAYANE (id: 14612);14612;Sirakawakayane (id: 4);4;1800;1281
04.15.2020 08:00:00;PLMN;RF3RN24 (id: 324);324;PLB_SIRAKAWAKAYANE (id: 14612);14612;PLB_SIRAKAWAKAYANE (id: 930);930;1800;1281
04.15.2020 08:00:00;PLMN;RF3RN24 (id: 324);324;PLB_SIRAKAWAKURABEISITUKADA (id: 34649);34649;PLB_SIRAKAWAKURABEISITUKADA (id: 910);910;1800;1490
04.15.2020 08:00:00;PLMN;RF3RN24 (id: 324);324;PLB_SIRAKAWAKURABEISITUKADA (id: 34649);34649;PLB_SIRAKAWAKURABEISITUKADA (id: 930);930;1800;1490
04.15.2020 08:00:00;PLMN;RF3RN24 (id: 324);324;PLB_SIRAKAWAKURABEISITUKADA (id: 34649);34649;PLB_SIRAKAWAKURABEISITUKADA (id: 920);920;1800;1490
04.15.2020 08:00:00;PLMN;RF3RN24 (id: 324);324;PLB_SUKAGAWAOOKANBARAHIGASI (id: 31628);31628;PLB_SUKAGAWAOOKANBARAHIGASI (id: 920);920;1800;1204
04.15.2020 08:00:00;PLMN;RF3RN24 (id: 324);324;PLB_SUKAGAWAOOKANBARAHIGASI (id: 31628);31628;PLB_SUKAGAWAOOKANBARAHIGASI (id: 930);930;1800;1204
04.15.2020 08:00:00;PLMN;RF3RN24 (id: 324);324;PLB_SUKAGAWAOOKANBARAHIGASI (id: 31628);31628;PLB_SUKAGAWAOOKANBARAHIGASI (id: 910);910;1800;1204
04.15.2020 08:00:00;PLMN;RF3RN24 (id: 324);324;SIRASAWAWADA (id: 4982);4982;WCEL4 (id: 4);4;1800;699
04.15.2020 08:00:00;PLMN;RF3RN24 (id: 324);324;TAISINKUMADO (id: 40628);40628;Taisinkumado (id: 4);4;1800;369
04.15.2020 08:15:00;PLMN;MR3RN52 (id: 352);352;HATIKOUDAI (id: 1113);1113;Hatikoudai (id: 4);4;800;333
04.15.2020 08:15:00;PLMN;MR3RN52 (id: 352);352;HATINOHEBABATYOUAW (id: 43154);43154;WCEL4 (id: 4);4;1800;384
04.15.2020 08:15:00;PLMN;MR3RN52 (id: 352);352;HATINOHENAGANAWASIRODW (id: 41172);41172;WCEL4 (id: 4);4;1800;588
04.15.2020 08:15:00;PLMN;MR3RN52 (id: 352);352;IWAIZUMITAKASUKA (id: 3224);3224;Iwaizumitakasuka (id: 4);4;1800;225
04.15.2020 08:15:00;PLMN;MR3RN52 (id: 352);352;KARUMAIHAREYAMA (id: 41203);41203;Karumaihareyama (id: 4);4;1800;277
04.15.2020 08:15:00;PLMN;MR3RN52 (id: 352);352;KAWARAGIBW (id: 40186);40186;WCEL4 (id: 4);4;0;0
04.15.2020 08:15:00;PLMN;MR3RN52 (id: 352);352;PLB_IWAIZUMIOMOTOKONARI (id: 31268);31268;PLB_IWAIZUMIOMOTOKONARI (id: 920);920;1800;656
04.15.2020 08:15:00;PLMN;MR3RN52 (id: 352);352;PLB_IWAIZUMIOMOTOKONARI (id: 31268);31268;PLB_IWAIZUMIOMOTOKONARI (id: 910);910;1800;656
04.15.2020 08:15:00;PLMN;MR3RN52 (id: 352);352;PLB_KUJISIMOTOKUSARI (id: 36284);36284;PLB_KUJISIMOTOKUSARI (id: 910);910;1800;470
04.15.2020 08:15:00;PLMN;MR3RN57 (id: 357);357;PLB_ESASIYONESATOGAKUMASAWA (id: 31227);31227;PLB_ESASIYONESATOGAKUMASAWA (id: 920);920;1800;636
04.15.2020 08:15:00;PLMN;MR3RN57 (id: 357);357;PLB_ESASIYONESATOGAKUMASAWA (id: 31227);31227;PLB_ESASIYONESATOGAKUMASAWA (id: 910);910;1800;636
04.15.2020 08:15:00;PLMN;RF3RN23 (id: 323);323;SENDAIHIGASIJUUBANTYOUAW (id: 45336);45336;WCEL4 (id: 4);4;1800;466
04.15.2020 08:15:00;PLMN;RF3RN24 (id: 324);324;IZUMIZAKITYUUKAKUKOUGYOUDANTI (id: 45686);45686;Izumizakityuukakukougyoudanti (id: 4);4;1800;397
04.15.2020 08:15:00;PLMN;RF3RN24 (id: 324);324;KOORIYAMAOOTUKIMATIAW (id: 43661);43661;WCEL4 (id: 4);4;1800;412
04.15.2020 08:15:00;PLMN;RF3RN24 (id: 324);324;KOORIYAMAOOTUKIMATIBW (id: 44649);44649;WCEL4 (id: 4);4;0;0
04.15.2020 08:15:00;PLMN;RF3RN24 (id: 324);324;MOTOMIYAARAIAW (id: 43623);43623;MotomiyaaraiAW (id: 4);4;1800;666
04.15.2020 08:15:00;PLMN;RF3RN24 (id: 324);324;PLB_SIRAKAWAKAYANE (id: 14612);14612;Sirakawakayane (id: 4);4;1800;1231
04.15.2020 08:15:00;PLMN;RF3RN24 (id: 324);324;PLB_SIRAKAWAKAYANE (id: 14612);14612;PLB_SIRAKAWAKAYANE (id: 910);910;1800;1231
04.15.2020 08:15:00;PLMN;RF3RN24 (id: 324);324;PLB_SIRAKAWAKAYANE (id: 14612);14612;PLB_SIRAKAWAKAYANE (id: 920);920;1800;1231
04.15.2020 08:15:00;PLMN;RF3RN24 (id: 324);324;PLB_SIRAKAWAKAYANE (id: 14612);14612;PLB_SIRAKAWAKAYANE (id: 930);930;1800;1231
04.15.2020 08:15:00;PLMN;RF3RN24 (id: 324);324;PLB_SIRAKAWAKURABEISITUKADA (id: 34649);34649;PLB_SIRAKAWAKURABEISITUKADA (id: 930);930;1800;1351
04.15.2020 08:15:00;PLMN;RF3RN24 (id: 324);324;PLB_SIRAKAWAKURABEISITUKADA (id: 34649);34649;PLB_SIRAKAWAKURABEISITUKADA (id: 910);910;1800;1351
04.15.2020 08:15:00;PLMN;RF3RN24 (id: 324);324;PLB_SIRAKAWAKURABEISITUKADA (id: 34649);34649;PLB_SIRAKAWAKURABEISITUKADA (id: 920);920;1800;1351
04.15.2020 08:15:00;PLMN;RF3RN24 (id: 324);324;PLB_SUKAGAWAOOKANBARAHIGASI (id: 31628);31628;PLB_SUKAGAWAOOKANBARAHIGASI (id: 920);920;1800;966
04.15.2020 08:15:00;PLMN;RF3RN24 (id: 324);324;PLB_SUKAGAWAOOKANBARAHIGASI (id: 31628);31628;PLB_SUKAGAWAOOKANBARAHIGASI (id: 930);930;1800;966
04.15.2020 08:15:00;PLMN;RF3RN24 (id: 324);324;PLB_SUKAGAWAOOKANBARAHIGASI (id: 31628);31628;PLB_SUKAGAWAOOKANBARAHIGASI (id: 910);910;1800;966
04.15.2020 08:15:00;PLMN;RF3RN24 (id: 324);324;SIRASAWAWADA (id: 4982);4982;WCEL4 (id: 4);4;1800;704
04.15.2020 08:15:00;PLMN;RF3RN24 (id: 324);324;TAISINKUMADO (id: 40628);40628;Taisinkumado (id: 4);4;1800;357
04.15.2020 08:30:00;PLMN;MR3RN52 (id: 352);352;HATIKOUDAI (id: 1113);1113;Hatikoudai (id: 4);4;800;335
04.15.2020 08:30:00;PLMN;MR3RN52 (id: 352);352;HATINOHEBABATYOUAW (id: 43154);43154;WCEL4 (id: 4);4;1800;425
04.15.2020 08:30:00;PLMN;MR3RN52 (id: 352);352;HATINOHENAGANAWASIRODW (id: 41172);41172;WCEL4 (id: 4);4;1800;602
04.15.2020 08:30:00;PLMN;MR3RN52 (id: 352);352;IWAIZUMITAKASUKA (id: 3224);3224;Iwaizumitakasuka (id: 4);4;1800;225
04.15.2020 08:30:00;PLMN;MR3RN52 (id: 352);352;KARUMAIHAREYAMA (id: 41203);41203;Karumaihareyama (id: 4);4;1800;290
04.15.2020 08:30:00;PLMN;MR3RN52 (id: 352);352;KAWARAGIBW (id: 40186);40186;WCEL4 (id: 4);4;0;0
04.15.2020 08:30:00;PLMN;MR3RN52 (id: 352);352;PLB_IWAIZUMIOMOTOKONARI (id: 31268);31268;PLB_IWAIZUMIOMOTOKONARI (id: 920);920;1800;706
04.15.2020 08:30:00;PLMN;MR3RN52 (id: 352);352;PLB_IWAIZUMIOMOTOKONARI (id: 31268);31268;PLB_IWAIZUMIOMOTOKONARI (id: 910);910;1800;706
04.15.2020 08:30:00;PLMN;MR3RN52 (id: 352);352;PLB_KUJISIMOTOKUSARI (id: 36284);36284;PLB_KUJISIMOTOKUSARI (id: 910);910;1800;440
04.15.2020 08:30:00;PLMN;MR3RN57 (id: 357);357;PLB_ESASIYONESATOGAKUMASAWA (id: 31227);31227;PLB_ESASIYONESATOGAKUMASAWA (id: 910);910;1800;679
04.15.2020 08:30:00;PLMN;MR3RN57 (id: 357);357;PLB_ESASIYONESATOGAKUMASAWA (id: 31227);31227;PLB_ESASIYONESATOGAKUMASAWA (id: 920);920;1800;679
04.15.2020 08:30:00;PLMN;RF3RN23 (id: 323);323;SENDAIHIGASIJUUBANTYOUAW (id: 45336);45336;WCEL4 (id: 4);4;1800;559
04.15.2020 08:30:00;PLMN;RF3RN24 (id: 324);324;IZUMIZAKITYUUKAKUKOUGYOUDANTI (id: 45686);45686;Izumizakityuukakukougyoudanti (id: 4);4;1800;444
04.15.2020 08:30:00;PLMN;RF3RN24 (id: 324);324;KOORIYAMAOOTUKIMATIAW (id: 43661);43661;WCEL4 (id: 4);4;1800;349
04.15.2020 08:30:00;PLMN;RF3RN24 (id: 324);324;KOORIYAMAOOTUKIMATIBW (id: 44649);44649;WCEL4 (id: 4);4;0;0
04.15.2020 08:30:00;PLMN;RF3RN24 (id: 324);324;MOTOMIYAARAIAW (id: 43623);43623;MotomiyaaraiAW (id: 4);4;1800;645
04.15.2020 08:30:00;PLMN;RF3RN24 (id: 324);324;PLB_SIRAKAWAKAYANE (id: 14612);14612;PLB_SIRAKAWAKAYANE (id: 920);920;1800;1184
04.15.2020 08:30:00;PLMN;RF3RN24 (id: 324);324;PLB_SIRAKAWAKAYANE (id: 14612);14612;PLB_SIRAKAWAKAYANE (id: 930);930;1800;1184
04.15.2020 08:30:00;PLMN;RF3RN24 (id: 324);324;PLB_SIRAKAWAKAYANE (id: 14612);14612;Sirakawakayane (id: 4);4;1800;1184
04.15.2020 08:30:00;PLMN;RF3RN24 (id: 324);324;PLB_SIRAKAWAKAYANE (id: 14612);14612;PLB_SIRAKAWAKAYANE (id: 910);910;1800;1184
04.15.2020 08:30:00;PLMN;RF3RN24 (id: 324);324;PLB_SIRAKAWAKURABEISITUKADA (id: 34649);34649;PLB_SIRAKAWAKURABEISITUKADA (id: 930);930;1800;1454
04.15.2020 08:30:00;PLMN;RF3RN24 (id: 324);324;PLB_SIRAKAWAKURABEISITUKADA (id: 34649);34649;PLB_SIRAKAWAKURABEISITUKADA (id: 910);910;1800;1454
04.15.2020 08:30:00;PLMN;RF3RN24 (id: 324);324;PLB_SIRAKAWAKURABEISITUKADA (id: 34649);34649;PLB_SIRAKAWAKURABEISITUKADA (id: 920);920;1800;1454
04.15.2020 08:30:00;PLMN;RF3RN24 (id: 324);324;PLB_SUKAGAWAOOKANBARAHIGASI (id: 31628);31628;PLB_SUKAGAWAOOKANBARAHIGASI (id: 930);930;1800;1032
04.15.2020 08:30:00;PLMN;RF3RN24 (id: 324);324;PLB_SUKAGAWAOOKANBARAHIGASI (id: 31628);31628;PLB_SUKAGAWAOOKANBARAHIGASI (id: 910);910;1800;1032
04.15.2020 08:30:00;PLMN;RF3RN24 (id: 324);324;PLB_SUKAGAWAOOKANBARAHIGASI (id: 31628);31628;PLB_SUKAGAWAOOKANBARAHIGASI (id: 920);920;1800;1032
04.15.2020 08:30:00;PLMN;RF3RN24 (id: 324);324;SIRASAWAWADA (id: 4982);4982;WCEL4 (id: 4);4;1800;669
04.15.2020 08:30:00;PLMN;RF3RN24 (id: 324);324;TAISINKUMADO (id: 40628);40628;Taisinkumado (id: 4);4;1800;329
04.15.2020 08:45:00;PLMN;MR3RN52 (id: 352);352;HATIKOUDAI (id: 1113);1113;Hatikoudai (id: 4);4;800;330
04.15.2020 08:45:00;PLMN;MR3RN52 (id: 352);352;HATINOHEBABATYOUAW (id: 43154);43154;WCEL4 (id: 4);4;1800;499
04.15.2020 08:45:00;PLMN;MR3RN52 (id: 352);352;HATINOHENAGANAWASIRODW (id: 41172);41172;WCEL4 (id: 4);4;1800;548
04.15.2020 08:45:00;PLMN;MR3RN52 (id: 352);352;IWAIZUMITAKASUKA (id: 3224);3224;Iwaizumitakasuka (id: 4);4;1800;225
04.15.2020 08:45:00;PLMN;MR3RN52 (id: 352);352;KARUMAIHAREYAMA (id: 41203);41203;Karumaihareyama (id: 4);4;1800;288
04.15.2020 08:45:00;PLMN;MR3RN52 (id: 352);352;KAWARAGIBW (id: 40186);40186;WCEL4 (id: 4);4;0;0
04.15.2020 08:45:00;PLMN;MR3RN52 (id: 352);352;PLB_IWAIZUMIOMOTOKONARI (id: 31268);31268;PLB_IWAIZUMIOMOTOKONARI (id: 920);920;1800;676
04.15.2020 08:45:00;PLMN;MR3RN52 (id: 352);352;PLB_IWAIZUMIOMOTOKONARI (id: 31268);31268;PLB_IWAIZUMIOMOTOKONARI (id: 910);910;1800;676
04.15.2020 08:45:00;PLMN;MR3RN52 (id: 352);352;PLB_KUJISIMOTOKUSARI (id: 36284);36284;PLB_KUJISIMOTOKUSARI (id: 910);910;1800;483
04.15.2020 08:45:00;PLMN;MR3RN57 (id: 357);357;PLB_ESASIYONESATOGAKUMASAWA (id: 31227);31227;PLB_ESASIYONESATOGAKUMASAWA (id: 910);910;1800;689
04.15.2020 08:45:00;PLMN;MR3RN57 (id: 357);357;PLB_ESASIYONESATOGAKUMASAWA (id: 31227);31227;PLB_ESASIYONESATOGAKUMASAWA (id: 920);920;1800;689
04.15.2020 08:45:00;PLMN;RF3RN23 (id: 323);323;SENDAIHIGASIJUUBANTYOUAW (id: 45336);45336;WCEL4 (id: 4);4;1800;598
04.15.2020 08:45:00;PLMN;RF3RN24 (id: 324);324;IZUMIZAKITYUUKAKUKOUGYOUDANTI (id: 45686);45686;Izumizakityuukakukougyoudanti (id: 4);4;1800;389
04.15.2020 08:45:00;PLMN;RF3RN24 (id: 324);324;KOORIYAMAOOTUKIMATIAW (id: 43661);43661;WCEL4 (id: 4);4;1800;376
04.15.2020 08:45:00;PLMN;RF3RN24 (id: 324);324;KOORIYAMAOOTUKIMATIBW (id: 44649);44649;WCEL4 (id: 4);4;0;0
04.15.2020 08:45:00;PLMN;RF3RN24 (id: 324);324;MOTOMIYAARAIAW (id: 43623);43623;MotomiyaaraiAW (id: 4);4;1800;950
04.15.2020 08:45:00;PLMN;RF3RN24 (id: 324);324;PLB_SIRAKAWAKAYANE (id: 14612);14612;PLB_SIRAKAWAKAYANE (id: 930);930;1800;1244
04.15.2020 08:45:00;PLMN;RF3RN24 (id: 324);324;PLB_SIRAKAWAKAYANE (id: 14612);14612;Sirakawakayane (id: 4);4;1800;1244
04.15.2020 08:45:00;PLMN;RF3RN24 (id: 324);324;PLB_SIRAKAWAKAYANE (id: 14612);14612;PLB_SIRAKAWAKAYANE (id: 910);910;1800;1244
04.15.2020 08:45:00;PLMN;RF3RN24 (id: 324);324;PLB_SIRAKAWAKAYANE (id: 14612);14612;PLB_SIRAKAWAKAYANE (id: 920);920;1800;1244
04.15.2020 08:45:00;PLMN;RF3RN24 (id: 324);324;PLB_SIRAKAWAKURABEISITUKADA (id: 34649);34649;PLB_SIRAKAWAKURABEISITUKADA (id: 910);910;1800;1525
04.15.2020 08:45:00;PLMN;RF3RN24 (id: 324);324;PLB_SIRAKAWAKURABEISITUKADA (id: 34649);34649;PLB_SIRAKAWAKURABEISITUKADA (id: 930);930;1800;1525
04.15.2020 08:45:00;PLMN;RF3RN24 (id: 324);324;PLB_SIRAKAWAKURABEISITUKADA (id: 34649);34649;PLB_SIRAKAWAKURABEISITUKADA (id: 920);920;1800;1525
04.15.2020 08:45:00;PLMN;RF3RN24 (id: 324);324;PLB_SUKAGAWAOOKANBARAHIGASI (id: 31628);31628;PLB_SUKAGAWAOOKANBARAHIGASI (id: 920);920;1800;1100
04.15.2020 08:45:00;PLMN;RF3RN24 (id: 324);324;PLB_SUKAGAWAOOKANBARAHIGASI (id: 31628);31628;PLB_SUKAGAWAOOKANBARAHIGASI (id: 930);930;1800;1100
04.15.2020 08:45:00;PLMN;RF3RN24 (id: 324);324;PLB_SUKAGAWAOOKANBARAHIGASI (id: 31628);31628;PLB_SUKAGAWAOOKANBARAHIGASI (id: 910);910;1800;1100
04.15.2020 08:45:00;PLMN;RF3RN24 (id: 324);324;SIRASAWAWADA (id: 4982);4982;WCEL4 (id: 4);4;1800;714
04.15.2020 08:45:00;PLMN;RF3RN24 (id: 324);324;TAISINKUMADO (id: 40628);40628;Taisinkumado (id: 4);4;1800;327
04.15.2020 09:00:00;PLMN;MR3RN52 (id: 352);352;HATIKOUDAI (id: 1113);1113;Hatikoudai (id: 4);4;800;320
04.15.2020 09:00:00;PLMN;MR3RN52 (id: 352);352;HATINOHEBABATYOUAW (id: 43154);43154;WCEL4 (id: 4);4;1800;455
04.15.2020 09:00:00;PLMN;MR3RN52 (id: 352);352;HATINOHENAGANAWASIRODW (id: 41172);41172;WCEL4 (id: 4);4;1800;589
04.15.2020 09:00:00;PLMN;MR3RN52 (id: 352);352;IWAIZUMITAKASUKA (id: 3224);3224;Iwaizumitakasuka (id: 4);4;1800;225
04.15.2020 09:00:00;PLMN;MR3RN52 (id: 352);352;KARUMAIHAREYAMA (id: 41203);41203;Karumaihareyama (id: 4);4;1800;311
04.15.2020 09:00:00;PLMN;MR3RN52 (id: 352);352;KAWARAGIBW (id: 40186);40186;WCEL4 (id: 4);4;0;0
04.15.2020 09:00:00;PLMN;MR3RN52 (id: 352);352;PLB_IWAIZUMIOMOTOKONARI (id: 31268);31268;PLB_IWAIZUMIOMOTOKONARI (id: 920);920;1800;720
04.15.2020 09:00:00;PLMN;MR3RN52 (id: 352);352;PLB_IWAIZUMIOMOTOKONARI (id: 31268);31268;PLB_IWAIZUMIOMOTOKONARI (id: 910);910;1800;720
04.15.2020 09:00:00;PLMN;MR3RN52 (id: 352);352;PLB_KUJISIMOTOKUSARI (id: 36284);36284;PLB_KUJISIMOTOKUSARI (id: 910);910;1800;508
04.15.2020 09:00:00;PLMN;MR3RN57 (id: 357);357;PLB_ESASIYONESATOGAKUMASAWA (id: 31227);31227;PLB_ESASIYONESATOGAKUMASAWA (id: 910);910;1800;664
04.15.2020 09:00:00;PLMN;MR3RN57 (id: 357);357;PLB_ESASIYONESATOGAKUMASAWA (id: 31227);31227;PLB_ESASIYONESATOGAKUMASAWA (id: 920);920;1800;664
04.15.2020 09:00:00;PLMN;RF3RN23 (id: 323);323;SENDAIHIGASIJUUBANTYOUAW (id: 45336);45336;WCEL4 (id: 4);4;1800;624
04.15.2020 09:00:00;PLMN;RF3RN24 (id: 324);324;IZUMIZAKITYUUKAKUKOUGYOUDANTI (id: 45686);45686;Izumizakityuukakukougyoudanti (id: 4);4;1800;391
04.15.2020 09:00:00;PLMN;RF3RN24 (id: 324);324;KOORIYAMAOOTUKIMATIAW (id: 43661);43661;WCEL4 (id: 4);4;1800;369
04.15.2020 09:00:00;PLMN;RF3RN24 (id: 324);324;KOORIYAMAOOTUKIMATIBW (id: 44649);44649;WCEL4 (id: 4);4;0;0
04.15.2020 09:00:00;PLMN;RF3RN24 (id: 324);324;MOTOMIYAARAIAW (id: 43623);43623;MotomiyaaraiAW (id: 4);4;1800;540
04.15.2020 09:00:00;PLMN;RF3RN24 (id: 324);324;PLB_SIRAKAWAKAYANE (id: 14612);14612;Sirakawakayane (id: 4);4;1800;1212
04.15.2020 09:00:00;PLMN;RF3RN24 (id: 324);324;PLB_SIRAKAWAKAYANE (id: 14612);14612;PLB_SIRAKAWAKAYANE (id: 910);910;1800;1212
04.15.2020 09:00:00;PLMN;RF3RN24 (id: 324);324;PLB_SIRAKAWAKAYANE (id: 14612);14612;PLB_SIRAKAWAKAYANE (id: 930);930;1800;1212
04.15.2020 09:00:00;PLMN;RF3RN24 (id: 324);324;PLB_SIRAKAWAKAYANE (id: 14612);14612;PLB_SIRAKAWAKAYANE (id: 920);920;1800;1212
04.15.2020 09:00:00;PLMN;RF3RN24 (id: 324);324;PLB_SIRAKAWAKURABEISITUKADA (id: 34649);34649;PLB_SIRAKAWAKURABEISITUKADA (id: 930);930;1800;1488
04.15.2020 09:00:00;PLMN;RF3RN24 (id: 324);324;PLB_SIRAKAWAKURABEISITUKADA (id: 34649);34649;PLB_SIRAKAWAKURABEISITUKADA (id: 920);920;1800;1488
04.15.2020 09:00:00;PLMN;RF3RN24 (id: 324);324;PLB_SIRAKAWAKURABEISITUKADA (id: 34649);34649;PLB_SIRAKAWAKURABEISITUKADA (id: 910);910;1800;1488
04.15.2020 09:00:00;PLMN;RF3RN24 (id: 324);324;PLB_SUKAGAWAOOKANBARAHIGASI (id: 31628);31628;PLB_SUKAGAWAOOKANBARAHIGASI (id: 920);920;1800;1301
04.15.2020 09:00:00;PLMN;RF3RN24 (id: 324);324;PLB_SUKAGAWAOOKANBARAHIGASI (id: 31628);31628;PLB_SUKAGAWAOOKANBARAHIGASI (id: 930);930;1800;1301
04.15.2020 09:00:00;PLMN;RF3RN24 (id: 324);324;PLB_SUKAGAWAOOKANBARAHIGASI (id: 31628);31628;PLB_SUKAGAWAOOKANBARAHIGASI (id: 910);910;1800;1301
04.15.2020 09:00:00;PLMN;RF3RN24 (id: 324);324;SIRASAWAWADA (id: 4982);4982;WCEL4 (id: 4);4;1800;723
04.15.2020 09:00:00;PLMN;RF3RN24 (id: 324);324;TAISINKUMADO (id: 40628);40628;Taisinkumado (id: 4);4;1800;336
04.15.2020 09:15:00;PLMN;MR3RN52 (id: 352);352;HATIKOUDAI (id: 1113);1113;Hatikoudai (id: 4);4;800;321
04.15.2020 09:15:00;PLMN;MR3RN52 (id: 352);352;HATINOHEBABATYOUAW (id: 43154);43154;WCEL4 (id: 4);4;1800;445
04.15.2020 09:15:00;PLMN;MR3RN52 (id: 352);352;HATINOHENAGANAWASIRODW (id: 41172);41172;WCEL4 (id: 4);4;1800;541
04.15.2020 09:15:00;PLMN;MR3RN52 (id: 352);352;IWAIZUMITAKASUKA (id: 3224);3224;Iwaizumitakasuka (id: 4);4;1800;225
04.15.2020 09:15:00;PLMN;MR3RN52 (id: 352);352;KARUMAIHAREYAMA (id: 41203);41203;Karumaihareyama (id: 4);4;1800;283
04.15.2020 09:15:00;PLMN;MR3RN52 (id: 352);352;KAWARAGIBW (id: 40186);40186;WCEL4 (id: 4);4;0;0
04.15.2020 09:15:00;PLMN;MR3RN52 (id: 352);352;PLB_IWAIZUMIOMOTOKONARI (id: 31268);31268;PLB_IWAIZUMIOMOTOKONARI (id: 920);920;1800;659
04.15.2020 09:15:00;PLMN;MR3RN52 (id: 352);352;PLB_IWAIZUMIOMOTOKONARI (id: 31268);31268;PLB_IWAIZUMIOMOTOKONARI (id: 910);910;1800;659
04.15.2020 09:15:00;PLMN;MR3RN52 (id: 352);352;PLB_KUJISIMOTOKUSARI (id: 36284);36284;PLB_KUJISIMOTOKUSARI (id: 910);910;1800;499
04.15.2020 09:15:00;PLMN;MR3RN57 (id: 357);357;PLB_ESASIYONESATOGAKUMASAWA (id: 31227);31227;PLB_ESASIYONESATOGAKUMASAWA (id: 920);920;1800;608
04.15.2020 09:15:00;PLMN;MR3RN57 (id: 357);357;PLB_ESASIYONESATOGAKUMASAWA (id: 31227);31227;PLB_ESASIYONESATOGAKUMASAWA (id: 910);910;1800;608
04.15.2020 09:15:00;PLMN;RF3RN23 (id: 323);323;SENDAIHIGASIJUUBANTYOUAW (id: 45336);45336;WCEL4 (id: 4);4;1800;605
04.15.2020 09:15:00;PLMN;RF3RN24 (id: 324);324;IZUMIZAKITYUUKAKUKOUGYOUDANTI (id: 45686);45686;Izumizakityuukakukougyoudanti (id: 4);4;1800;363
04.15.2020 09:15:00;PLMN;RF3RN24 (id: 324);324;KOORIYAMAOOTUKIMATIAW (id: 43661);43661;WCEL4 (id: 4);4;1800;354
04.15.2020 09:15:00;PLMN;RF3RN24 (id: 324);324;KOORIYAMAOOTUKIMATIBW (id: 44649);44649;WCEL4 (id: 4);4;0;0
04.15.2020 09:15:00;PLMN;RF3RN24 (id: 324);324;MOTOMIYAARAIAW (id: 43623);43623;MotomiyaaraiAW (id: 4);4;1800;545
04.15.2020 09:15:00;PLMN;RF3RN24 (id: 324);324;PLB_SIRAKAWAKAYANE (id: 14612);14612;PLB_SIRAKAWAKAYANE (id: 920);920;1800;1174
04.15.2020 09:15:00;PLMN;RF3RN24 (id: 324);324;PLB_SIRAKAWAKAYANE (id: 14612);14612;Sirakawakayane (id: 4);4;1800;1174
04.15.2020 09:15:00;PLMN;RF3RN24 (id: 324);324;PLB_SIRAKAWAKAYANE (id: 14612);14612;PLB_SIRAKAWAKAYANE (id: 910);910;1800;1174
04.15.2020 09:15:00;PLMN;RF3RN24 (id: 324);324;PLB_SIRAKAWAKAYANE (id: 14612);14612;PLB_SIRAKAWAKAYANE (id: 930);930;1800;1174
04.15.2020 09:15:00;PLMN;RF3RN24 (id: 324);324;PLB_SIRAKAWAKURABEISITUKADA (id: 34649);34649;PLB_SIRAKAWAKURABEISITUKADA (id: 930);930;1800;1438
04.15.2020 09:15:00;PLMN;RF3RN24 (id: 324);324;PLB_SIRAKAWAKURABEISITUKADA (id: 34649);34649;PLB_SIRAKAWAKURABEISITUKADA (id: 920);920;1800;1438
04.15.2020 09:15:00;PLMN;RF3RN24 (id: 324);324;PLB_SIRAKAWAKURABEISITUKADA (id: 34649);34649;PLB_SIRAKAWAKURABEISITUKADA (id: 910);910;1800;1438
04.15.2020 09:15:00;PLMN;RF3RN24 (id: 324);324;PLB_SUKAGAWAOOKANBARAHIGASI (id: 31628);31628;PLB_SUKAGAWAOOKANBARAHIGASI (id: 910);910;1800;1063
04.15.2020 09:15:00;PLMN;RF3RN24 (id: 324);324;PLB_SUKAGAWAOOKANBARAHIGASI (id: 31628);31628;PLB_SUKAGAWAOOKANBARAHIGASI (id: 920);920;1800;1063
04.15.2020 09:15:00;PLMN;RF3RN24 (id: 324);324;PLB_SUKAGAWAOOKANBARAHIGASI (id: 31628);31628;PLB_SUKAGAWAOOKANBARAHIGASI (id: 930);930;1800;1063
04.15.2020 09:15:00;PLMN;RF3RN24 (id: 324);324;SIRASAWAWADA (id: 4982);4982;WCEL4 (id: 4);4;1800;693
04.15.2020 09:15:00;PLMN;RF3RN24 (id: 324);324;TAISINKUMADO (id: 40628);40628;Taisinkumado (id: 4);4;1800;343
04.15.2020 09:30:00;PLMN;MR3RN52 (id: 352);352;HATIKOUDAI (id: 1113);1113;Hatikoudai (id: 4);4;800;318
04.15.2020 09:30:00;PLMN;MR3RN52 (id: 352);352;HATINOHEBABATYOUAW (id: 43154);43154;WCEL4 (id: 4);4;1800;457
04.15.2020 09:30:00;PLMN;MR3RN52 (id: 352);352;HATINOHENAGANAWASIRODW (id: 41172);41172;WCEL4 (id: 4);4;1800;572
04.15.2020 09:30:00;PLMN;MR3RN52 (id: 352);352;IWAIZUMITAKASUKA (id: 3224);3224;Iwaizumitakasuka (id: 4);4;1800;225
04.15.2020 09:30:00;PLMN;MR3RN52 (id: 352);352;KARUMAIHAREYAMA (id: 41203);41203;Karumaihareyama (id: 4);4;1800;273
04.15.2020 09:30:00;PLMN;MR3RN52 (id: 352);352;KAWARAGIBW (id: 40186);40186;WCEL4 (id: 4);4;0;0
04.15.2020 09:30:00;PLMN;MR3RN52 (id: 352);352;PLB_IWAIZUMIOMOTOKONARI (id: 31268);31268;PLB_IWAIZUMIOMOTOKONARI (id: 910);910;1800;645
04.15.2020 09:30:00;PLMN;MR3RN52 (id: 352);352;PLB_IWAIZUMIOMOTOKONARI (id: 31268);31268;PLB_IWAIZUMIOMOTOKONARI (id: 920);920;1800;645
04.15.2020 09:30:00;PLMN;MR3RN52 (id: 352);352;PLB_KUJISIMOTOKUSARI (id: 36284);36284;PLB_KUJISIMOTOKUSARI (id: 910);910;1800;436
04.15.2020 09:30:00;PLMN;MR3RN57 (id: 357);357;PLB_ESASIYONESATOGAKUMASAWA (id: 31227);31227;PLB_ESASIYONESATOGAKUMASAWA (id: 920);920;1800;639
04.15.2020 09:30:00;PLMN;MR3RN57 (id: 357);357;PLB_ESASIYONESATOGAKUMASAWA (id: 31227);31227;PLB_ESASIYONESATOGAKUMASAWA (id: 910);910;1800;639
04.15.2020 09:30:00;PLMN;RF3RN23 (id: 323);323;SENDAIHIGASIJUUBANTYOUAW (id: 45336);45336;WCEL4 (id: 4);4;1800;692
04.15.2020 09:30:00;PLMN;RF3RN24 (id: 324);324;IZUMIZAKITYUUKAKUKOUGYOUDANTI (id: 45686);45686;Izumizakityuukakukougyoudanti (id: 4);4;1800;344
04.15.2020 09:30:00;PLMN;RF3RN24 (id: 324);324;KOORIYAMAOOTUKIMATIAW (id: 43661);43661;WCEL4 (id: 4);4;1800;335
04.15.2020 09:30:00;PLMN;RF3RN24 (id: 324);324;KOORIYAMAOOTUKIMATIBW (id: 44649);44649;WCEL4 (id: 4);4;0;0
04.15.2020 09:30:00;PLMN;RF3RN24 (id: 324);324;MOTOMIYAARAIAW (id: 43623);43623;MotomiyaaraiAW (id: 4);4;1800;587
04.15.2020 09:30:00;PLMN;RF3RN24 (id: 324);324;PLB_SIRAKAWAKAYANE (id: 14612);14612;Sirakawakayane (id: 4);4;1800;1229
04.15.2020 09:30:00;PLMN;RF3RN24 (id: 324);324;PLB_SIRAKAWAKAYANE (id: 14612);14612;PLB_SIRAKAWAKAYANE (id: 910);910;1800;1229
04.15.2020 09:30:00;PLMN;RF3RN24 (id: 324);324;PLB_SIRAKAWAKAYANE (id: 14612);14612;PLB_SIRAKAWAKAYANE (id: 920);920;1800;1229
04.15.2020 09:30:00;PLMN;RF3RN24 (id: 324);324;PLB_SIRAKAWAKAYANE (id: 14612);14612;PLB_SIRAKAWAKAYANE (id: 930);930;1800;1229
04.15.2020 09:30:00;PLMN;RF3RN24 (id: 324);324;PLB_SIRAKAWAKURABEISITUKADA (id: 34649);34649;PLB_SIRAKAWAKURABEISITUKADA (id: 930);930;1800;1409
04.15.2020 09:30:00;PLMN;RF3RN24 (id: 324);324;PLB_SIRAKAWAKURABEISITUKADA (id: 34649);34649;PLB_SIRAKAWAKURABEISITUKADA (id: 920);920;1800;1409
04.15.2020 09:30:00;PLMN;RF3RN24 (id: 324);324;PLB_SIRAKAWAKURABEISITUKADA (id: 34649);34649;PLB_SIRAKAWAKURABEISITUKADA (id: 910);910;1800;1409
04.15.2020 09:30:00;PLMN;RF3RN24 (id: 324);324;PLB_SUKAGAWAOOKANBARAHIGASI (id: 31628);31628;PLB_SUKAGAWAOOKANBARAHIGASI (id: 920);920;1800;1090
04.15.2020 09:30:00;PLMN;RF3RN24 (id: 324);324;PLB_SUKAGAWAOOKANBARAHIGASI (id: 31628);31628;PLB_SUKAGAWAOOKANBARAHIGASI (id: 910);910;1800;1090
04.15.2020 09:30:00;PLMN;RF3RN24 (id: 324);324;PLB_SUKAGAWAOOKANBARAHIGASI (id: 31628);31628;PLB_SUKAGAWAOOKANBARAHIGASI (id: 930);930;1800;1090
04.15.2020 09:30:00;PLMN;RF3RN24 (id: 324);324;SIRASAWAWADA (id: 4982);4982;WCEL4 (id: 4);4;1800;672
04.15.2020 09:30:00;PLMN;RF3RN24 (id: 324);324;TAISINKUMADO (id: 40628);40628;Taisinkumado (id: 4);4;1800;316
04.15.2020 09:45:00;PLMN;MR3RN52 (id: 352);352;HATIKOUDAI (id: 1113);1113;Hatikoudai (id: 4);4;1800;437
04.15.2020 09:45:00;PLMN;MR3RN52 (id: 352);352;HATINOHEBABATYOUAW (id: 43154);43154;WCEL4 (id: 4);4;1800;477
04.15.2020 09:45:00;PLMN;MR3RN52 (id: 352);352;HATINOHENAGANAWASIRODW (id: 41172);41172;WCEL4 (id: 4);4;1800;549
04.15.2020 09:45:00;PLMN;MR3RN52 (id: 352);352;IWAIZUMITAKASUKA (id: 3224);3224;Iwaizumitakasuka (id: 4);4;1800;225
04.15.2020 09:45:00;PLMN;MR3RN52 (id: 352);352;KARUMAIHAREYAMA (id: 41203);41203;Karumaihareyama (id: 4);4;1800;268
04.15.2020 09:45:00;PLMN;MR3RN52 (id: 352);352;KAWARAGIBW (id: 40186);40186;WCEL4 (id: 4);4;0;0
04.15.2020 09:45:00;PLMN;MR3RN52 (id: 352);352;PLB_IWAIZUMIOMOTOKONARI (id: 31268);31268;PLB_IWAIZUMIOMOTOKONARI (id: 910);910;1800;707
04.15.2020 09:45:00;PLMN;MR3RN52 (id: 352);352;PLB_IWAIZUMIOMOTOKONARI (id: 31268);31268;PLB_IWAIZUMIOMOTOKONARI (id: 920);920;1800;707
04.15.2020 09:45:00;PLMN;MR3RN52 (id: 352);352;PLB_KUJISIMOTOKUSARI (id: 36284);36284;PLB_KUJISIMOTOKUSARI (id: 910);910;1800;478
04.15.2020 09:45:00;PLMN;MR3RN57 (id: 357);357;PLB_ESASIYONESATOGAKUMASAWA (id: 31227);31227;PLB_ESASIYONESATOGAKUMASAWA (id: 910);910;1800;639
04.15.2020 09:45:00;PLMN;MR3RN57 (id: 357);357;PLB_ESASIYONESATOGAKUMASAWA (id: 31227);31227;PLB_ESASIYONESATOGAKUMASAWA (id: 920);920;1800;639
04.15.2020 09:45:00;PLMN;RF3RN23 (id: 323);323;SENDAIHIGASIJUUBANTYOUAW (id: 45336);45336;WCEL4 (id: 4);4;1800;740
04.15.2020 09:45:00;PLMN;RF3RN24 (id: 324);324;IZUMIZAKITYUUKAKUKOUGYOUDANTI (id: 45686);45686;Izumizakityuukakukougyoudanti (id: 4);4;1800;370
04.15.2020 09:45:00;PLMN;RF3RN24 (id: 324);324;KOORIYAMAOOTUKIMATIAW (id: 43661);43661;WCEL4 (id: 4);4;1800;361
04.15.2020 09:45:00;PLMN;RF3RN24 (id: 324);324;KOORIYAMAOOTUKIMATIBW (id: 44649);44649;WCEL4 (id: 4);4;0;0
04.15.2020 09:45:00;PLMN;RF3RN24 (id: 324);324;MOTOMIYAARAIAW (id: 43623);43623;MotomiyaaraiAW (id: 4);4;1800;548
04.15.2020 09:45:00;PLMN;RF3RN24 (id: 324);324;PLB_SIRAKAWAKAYANE (id: 14612);14612;Sirakawakayane (id: 4);4;1800;1193
04.15.2020 09:45:00;PLMN;RF3RN24 (id: 324);324;PLB_SIRAKAWAKAYANE (id: 14612);14612;PLB_SIRAKAWAKAYANE (id: 930);930;1800;1193
04.15.2020 09:45:00;PLMN;RF3RN24 (id: 324);324;PLB_SIRAKAWAKAYANE (id: 14612);14612;PLB_SIRAKAWAKAYANE (id: 920);920;1800;1193
04.15.2020 09:45:00;PLMN;RF3RN24 (id: 324);324;PLB_SIRAKAWAKAYANE (id: 14612);14612;PLB_SIRAKAWAKAYANE (id: 910);910;1800;1193
04.15.2020 09:45:00;PLMN;RF3RN24 (id: 324);324;PLB_SIRAKAWAKURABEISITUKADA (id: 34649);34649;PLB_SIRAKAWAKURABEISITUKADA (id: 930);930;1800;1436
04.15.2020 09:45:00;PLMN;RF3RN24 (id: 324);324;PLB_SIRAKAWAKURABEISITUKADA (id: 34649);34649;PLB_SIRAKAWAKURABEISITUKADA (id: 920);920;1800;1436
04.15.2020 09:45:00;PLMN;RF3RN24 (id: 324);324;PLB_SIRAKAWAKURABEISITUKADA (id: 34649);34649;PLB_SIRAKAWAKURABEISITUKADA (id: 910);910;1800;1436
04.15.2020 09:45:00;PLMN;RF3RN24 (id: 324);324;PLB_SUKAGAWAOOKANBARAHIGASI (id: 31628);31628;PLB_SUKAGAWAOOKANBARAHIGASI (id: 930);930;1800;1119
04.15.2020 09:45:00;PLMN;RF3RN24 (id: 324);324;PLB_SUKAGAWAOOKANBARAHIGASI (id: 31628);31628;PLB_SUKAGAWAOOKANBARAHIGASI (id: 910);910;1800;1119
04.15.2020 09:45:00;PLMN;RF3RN24 (id: 324);324;PLB_SUKAGAWAOOKANBARAHIGASI (id: 31628);31628;PLB_SUKAGAWAOOKANBARAHIGASI (id: 920);920;1800;1119
04.15.2020 09:45:00;PLMN;RF3RN24 (id: 324);324;SIRASAWAWADA (id: 4982);4982;WCEL4 (id: 4);4;1800;721
04.15.2020 09:45:00;PLMN;RF3RN24 (id: 324);324;TAISINKUMADO (id: 40628);40628;Taisinkumado (id: 4);4;1800;330
04.15.2020 10:00:00;PLMN;MR3RN52 (id: 352);352;HATIKOUDAI (id: 1113);1113;Hatikoudai (id: 4);4;1800;352
04.15.2020 10:00:00;PLMN;MR3RN52 (id: 352);352;HATINOHEBABATYOUAW (id: 43154);43154;WCEL4 (id: 4);4;1800;455
04.15.2020 10:00:00;PLMN;MR3RN52 (id: 352);352;HATINOHENAGANAWASIRODW (id: 41172);41172;WCEL4 (id: 4);4;1800;553
04.15.2020 10:00:00;PLMN;MR3RN52 (id: 352);352;IWAIZUMITAKASUKA (id: 3224);3224;Iwaizumitakasuka (id: 4);4;1800;225
04.15.2020 10:00:00;PLMN;MR3RN52 (id: 352);352;KARUMAIHAREYAMA (id: 41203);41203;Karumaihareyama (id: 4);4;1800;291
04.15.2020 10:00:00;PLMN;MR3RN52 (id: 352);352;KAWARAGIBW (id: 40186);40186;WCEL4 (id: 4);4;0;0
04.15.2020 10:00:00;PLMN;MR3RN52 (id: 352);352;PLB_IWAIZUMIOMOTOKONARI (id: 31268);31268;PLB_IWAIZUMIOMOTOKONARI (id: 910);910;1800;698
04.15.2020 10:00:00;PLMN;MR3RN52 (id: 352);352;PLB_IWAIZUMIOMOTOKONARI (id: 31268);31268;PLB_IWAIZUMIOMOTOKONARI (id: 920);920;1800;698
04.15.2020 10:00:00;PLMN;MR3RN52 (id: 352);352;PLB_KUJISIMOTOKUSARI (id: 36284);36284;PLB_KUJISIMOTOKUSARI (id: 910);910;1800;502
04.15.2020 10:00:00;PLMN;MR3RN57 (id: 357);357;PLB_ESASIYONESATOGAKUMASAWA (id: 31227);31227;PLB_ESASIYONESATOGAKUMASAWA (id: 910);910;1800;688
04.15.2020 10:00:00;PLMN;MR3RN57 (id: 357);357;PLB_ESASIYONESATOGAKUMASAWA (id: 31227);31227;PLB_ESASIYONESATOGAKUMASAWA (id: 920);920;1800;688
04.15.2020 10:00:00;PLMN;RF3RN23 (id: 323);323;SENDAIHIGASIJUUBANTYOUAW (id: 45336);45336;WCEL4 (id: 4);4;1800;674
04.15.2020 10:00:00;PLMN;RF3RN24 (id: 324);324;IZUMIZAKITYUUKAKUKOUGYOUDANTI (id: 45686);45686;Izumizakityuukakukougyoudanti (id: 4);4;1800;345
04.15.2020 10:00:00;PLMN;RF3RN24 (id: 324);324;KOORIYAMAOOTUKIMATIAW (id: 43661);43661;WCEL4 (id: 4);4;1800;333
04.15.2020 10:00:00;PLMN;RF3RN24 (id: 324);324;KOORIYAMAOOTUKIMATIBW (id: 44649);44649;WCEL4 (id: 4);4;0;0
04.15.2020 10:00:00;PLMN;RF3RN24 (id: 324);324;MOTOMIYAARAIAW (id: 43623);43623;MotomiyaaraiAW (id: 4);4;1800;558
04.15.2020 10:00:00;PLMN;RF3RN24 (id: 324);324;PLB_SIRAKAWAKAYANE (id: 14612);14612;PLB_SIRAKAWAKAYANE (id: 920);920;1800;1239
04.15.2020 10:00:00;PLMN;RF3RN24 (id: 324);324;PLB_SIRAKAWAKAYANE (id: 14612);14612;Sirakawakayane (id: 4);4;1800;1239
04.15.2020 10:00:00;PLMN;RF3RN24 (id: 324);324;PLB_SIRAKAWAKAYANE (id: 14612);14612;PLB_SIRAKAWAKAYANE (id: 930);930;1800;1239
04.15.2020 10:00:00;PLMN;RF3RN24 (id: 324);324;PLB_SIRAKAWAKAYANE (id: 14612);14612;PLB_SIRAKAWAKAYANE (id: 910);910;1800;1239
04.15.2020 10:00:00;PLMN;RF3RN24 (id: 324);324;PLB_SIRAKAWAKURABEISITUKADA (id: 34649);34649;PLB_SIRAKAWAKURABEISITUKADA (id: 920);920;1800;1631
04.15.2020 10:00:00;PLMN;RF3RN24 (id: 324);324;PLB_SIRAKAWAKURABEISITUKADA (id: 34649);34649;PLB_SIRAKAWAKURABEISITUKADA (id: 910);910;1800;1631
04.15.2020 10:00:00;PLMN;RF3RN24 (id: 324);324;PLB_SIRAKAWAKURABEISITUKADA (id: 34649);34649;PLB_SIRAKAWAKURABEISITUKADA (id: 930);930;1800;1631
04.15.2020 10:00:00;PLMN;RF3RN24 (id: 324);324;PLB_SUKAGAWAOOKANBARAHIGASI (id: 31628);31628;PLB_SUKAGAWAOOKANBARAHIGASI (id: 920);920;1800;1133
04.15.2020 10:00:00;PLMN;RF3RN24 (id: 324);324;PLB_SUKAGAWAOOKANBARAHIGASI (id: 31628);31628;PLB_SUKAGAWAOOKANBARAHIGASI (id: 930);930;1800;1133
04.15.2020 10:00:00;PLMN;RF3RN24 (id: 324);324;PLB_SUKAGAWAOOKANBARAHIGASI (id: 31628);31628;PLB_SUKAGAWAOOKANBARAHIGASI (id: 910);910;1800;1133
04.15.2020 10:00:00;PLMN;RF3RN24 (id: 324);324;SIRASAWAWADA (id: 4982);4982;WCEL4 (id: 4);4;1800;740
04.15.2020 10:00:00;PLMN;RF3RN24 (id: 324);324;TAISINKUMADO (id: 40628);40628;Taisinkumado (id: 4);4;1800;346
04.15.2020 10:15:00;PLMN;MR3RN52 (id: 352);352;HATIKOUDAI (id: 1113);1113;Hatikoudai (id: 4);4;1800;362
04.15.2020 10:15:00;PLMN;MR3RN52 (id: 352);352;HATINOHEBABATYOUAW (id: 43154);43154;WCEL4 (id: 4);4;1800;500
04.15.2020 10:15:00;PLMN;MR3RN52 (id: 352);352;HATINOHENAGANAWASIRODW (id: 41172);41172;WCEL4 (id: 4);4;1800;597
04.15.2020 10:15:00;PLMN;MR3RN52 (id: 352);352;IWAIZUMITAKASUKA (id: 3224);3224;Iwaizumitakasuka (id: 4);4;1800;225
04.15.2020 10:15:00;PLMN;MR3RN52 (id: 352);352;KARUMAIHAREYAMA (id: 41203);41203;Karumaihareyama (id: 4);4;1800;305
04.15.2020 10:15:00;PLMN;MR3RN52 (id: 352);352;KAWARAGIBW (id: 40186);40186;WCEL4 (id: 4);4;0;0
04.15.2020 10:15:00;PLMN;MR3RN52 (id: 352);352;PLB_IWAIZUMIOMOTOKONARI (id: 31268);31268;PLB_IWAIZUMIOMOTOKONARI (id: 920);920;1800;676
04.15.2020 10:15:00;PLMN;MR3RN52 (id: 352);352;PLB_IWAIZUMIOMOTOKONARI (id: 31268);31268;PLB_IWAIZUMIOMOTOKONARI (id: 910);910;1800;676
04.15.2020 10:15:00;PLMN;MR3RN52 (id: 352);352;PLB_KUJISIMOTOKUSARI (id: 36284);36284;PLB_KUJISIMOTOKUSARI (id: 910);910;1800;478
04.15.2020 10:15:00;PLMN;MR3RN57 (id: 357);357;PLB_ESASIYONESATOGAKUMASAWA (id: 31227);31227;PLB_ESASIYONESATOGAKUMASAWA (id: 910);910;1800;675
04.15.2020 10:15:00;PLMN;MR3RN57 (id: 357);357;PLB_ESASIYONESATOGAKUMASAWA (id: 31227);31227;PLB_ESASIYONESATOGAKUMASAWA (id: 920);920;1800;675
04.15.2020 10:15:00;PLMN;RF3RN23 (id: 323);323;SENDAIHIGASIJUUBANTYOUAW (id: 45336);45336;WCEL4 (id: 4);4;1800;660
04.15.2020 10:15:00;PLMN;RF3RN24 (id: 324);324;IZUMIZAKITYUUKAKUKOUGYOUDANTI (id: 45686);45686;Izumizakityuukakukougyoudanti (id: 4);4;1800;343
04.15.2020 10:15:00;PLMN;RF3RN24 (id: 324);324;KOORIYAMAOOTUKIMATIAW (id: 43661);43661;WCEL4 (id: 4);4;1800;374
04.15.2020 10:15:00;PLMN;RF3RN24 (id: 324);324;KOORIYAMAOOTUKIMATIBW (id: 44649);44649;WCEL4 (id: 4);4;0;0
04.15.2020 10:15:00;PLMN;RF3RN24 (id: 324);324;MOTOMIYAARAIAW (id: 43623);43623;MotomiyaaraiAW (id: 4);4;1800;594
04.15.2020 10:15:00;PLMN;RF3RN24 (id: 324);324;PLB_SIRAKAWAKAYANE (id: 14612);14612;Sirakawakayane (id: 4);4;1800;1154
04.15.2020 10:15:00;PLMN;RF3RN24 (id: 324);324;PLB_SIRAKAWAKAYANE (id: 14612);14612;PLB_SIRAKAWAKAYANE (id: 920);920;1800;1154
04.15.2020 10:15:00;PLMN;RF3RN24 (id: 324);324;PLB_SIRAKAWAKAYANE (id: 14612);14612;PLB_SIRAKAWAKAYANE (id: 910);910;1800;1154
04.15.2020 10:15:00;PLMN;RF3RN24 (id: 324);324;PLB_SIRAKAWAKAYANE (id: 14612);14612;PLB_SIRAKAWAKAYANE (id: 930);930;1800;1154
04.15.2020 10:15:00;PLMN;RF3RN24 (id: 324);324;PLB_SIRAKAWAKURABEISITUKADA (id: 34649);34649;PLB_SIRAKAWAKURABEISITUKADA (id: 930);930;1800;1410
04.15.2020 10:15:00;PLMN;RF3RN24 (id: 324);324;PLB_SIRAKAWAKURABEISITUKADA (id: 34649);34649;PLB_SIRAKAWAKURABEISITUKADA (id: 920);920;1800;1410
04.15.2020 10:15:00;PLMN;RF3RN24 (id: 324);324;PLB_SIRAKAWAKURABEISITUKADA (id: 34649);34649;PLB_SIRAKAWAKURABEISITUKADA (id: 910);910;1800;1410
04.15.2020 10:15:00;PLMN;RF3RN24 (id: 324);324;PLB_SUKAGAWAOOKANBARAHIGASI (id: 31628);31628;PLB_SUKAGAWAOOKANBARAHIGASI (id: 910);910;1800;1044
04.15.2020 10:15:00;PLMN;RF3RN24 (id: 324);324;PLB_SUKAGAWAOOKANBARAHIGASI (id: 31628);31628;PLB_SUKAGAWAOOKANBARAHIGASI (id: 920);920;1800;1044
04.15.2020 10:15:00;PLMN;RF3RN24 (id: 324);324;PLB_SUKAGAWAOOKANBARAHIGASI (id: 31628);31628;PLB_SUKAGAWAOOKANBARAHIGASI (id: 930);930;1800;1044
04.15.2020 10:15:00;PLMN;RF3RN24 (id: 324);324;SIRASAWAWADA (id: 4982);4982;WCEL4 (id: 4);4;1800;693
04.15.2020 10:15:00;PLMN;RF3RN24 (id: 324);324;TAISINKUMADO (id: 40628);40628;Taisinkumado (id: 4);4;1800;330
04.15.2020 10:30:00;PLMN;MR3RN52 (id: 352);352;HATIKOUDAI (id: 1113);1113;Hatikoudai (id: 4);4;1800;349
04.15.2020 10:30:00;PLMN;MR3RN52 (id: 352);352;HATINOHEBABATYOUAW (id: 43154);43154;WCEL4 (id: 4);4;1800;446
04.15.2020 10:30:00;PLMN;MR3RN52 (id: 352);352;HATINOHENAGANAWASIRODW (id: 41172);41172;WCEL4 (id: 4);4;1800;609
04.15.2020 10:30:00;PLMN;MR3RN52 (id: 352);352;IWAIZUMITAKASUKA (id: 3224);3224;Iwaizumitakasuka (id: 4);4;1800;225
04.15.2020 10:30:00;PLMN;MR3RN52 (id: 352);352;KARUMAIHAREYAMA (id: 41203);41203;Karumaihareyama (id: 4);4;1800;275
04.15.2020 10:30:00;PLMN;MR3RN52 (id: 352);352;KAWARAGIBW (id: 40186);40186;WCEL4 (id: 4);4;0;0
04.15.2020 10:30:00;PLMN;MR3RN52 (id: 352);352;PLB_IWAIZUMIOMOTOKONARI (id: 31268);31268;PLB_IWAIZUMIOMOTOKONARI (id: 910);910;1800;677
04.15.2020 10:30:00;PLMN;MR3RN52 (id: 352);352;PLB_IWAIZUMIOMOTOKONARI (id: 31268);31268;PLB_IWAIZUMIOMOTOKONARI (id: 920);920;1800;677
04.15.2020 10:30:00;PLMN;MR3RN52 (id: 352);352;PLB_KUJISIMOTOKUSARI (id: 36284);36284;PLB_KUJISIMOTOKUSARI (id: 910);910;1800;456
04.15.2020 10:30:00;PLMN;MR3RN57 (id: 357);357;PLB_ESASIYONESATOGAKUMASAWA (id: 31227);31227;PLB_ESASIYONESATOGAKUMASAWA (id: 910);910;1800;724
04.15.2020 10:30:00;PLMN;MR3RN57 (id: 357);357;PLB_ESASIYONESATOGAKUMASAWA (id: 31227);31227;PLB_ESASIYONESATOGAKUMASAWA (id: 920);920;1800;724
04.15.2020 10:30:00;PLMN;RF3RN23 (id: 323);323;SENDAIHIGASIJUUBANTYOUAW (id: 45336);45336;WCEL4 (id: 4);4;1800;778
04.15.2020 10:30:00;PLMN;RF3RN24 (id: 324);324;IZUMIZAKITYUUKAKUKOUGYOUDANTI (id: 45686);45686;Izumizakityuukakukougyoudanti (id: 4);4;1800;577
04.15.2020 10:30:00;PLMN;RF3RN24 (id: 324);324;KOORIYAMAOOTUKIMATIAW (id: 43661);43661;WCEL4 (id: 4);4;1800;359
04.15.2020 10:30:00;PLMN;RF3RN24 (id: 324);324;KOORIYAMAOOTUKIMATIBW (id: 44649);44649;WCEL4 (id: 4);4;0;0
04.15.2020 10:30:00;PLMN;RF3RN24 (id: 324);324;MOTOMIYAARAIAW (id: 43623);43623;MotomiyaaraiAW (id: 4);4;1800;600
04.15.2020 10:30:00;PLMN;RF3RN24 (id: 324);324;PLB_SIRAKAWAKAYANE (id: 14612);14612;Sirakawakayane (id: 4);4;1800;1194
04.15.2020 10:30:00;PLMN;RF3RN24 (id: 324);324;PLB_SIRAKAWAKAYANE (id: 14612);14612;PLB_SIRAKAWAKAYANE (id: 920);920;1800;1194
04.15.2020 10:30:00;PLMN;RF3RN24 (id: 324);324;PLB_SIRAKAWAKAYANE (id: 14612);14612;PLB_SIRAKAWAKAYANE (id: 910);910;1800;1194
04.15.2020 10:30:00;PLMN;RF3RN24 (id: 324);324;PLB_SIRAKAWAKAYANE (id: 14612);14612;PLB_SIRAKAWAKAYANE (id: 930);930;1800;1194
04.15.2020 10:30:00;PLMN;RF3RN24 (id: 324);324;PLB_SIRAKAWAKURABEISITUKADA (id: 34649);34649;PLB_SIRAKAWAKURABEISITUKADA (id: 930);930;1800;1358
04.15.2020 10:30:00;PLMN;RF3RN24 (id: 324);324;PLB_SIRAKAWAKURABEISITUKADA (id: 34649);34649;PLB_SIRAKAWAKURABEISITUKADA (id: 920);920;1800;1358
04.15.2020 10:30:00;PLMN;RF3RN24 (id: 324);324;PLB_SIRAKAWAKURABEISITUKADA (id: 34649);34649;PLB_SIRAKAWAKURABEISITUKADA (id: 910);910;1800;1358
04.15.2020 10:30:00;PLMN;RF3RN24 (id: 324);324;PLB_SUKAGAWAOOKANBARAHIGASI (id: 31628);31628;PLB_SUKAGAWAOOKANBARAHIGASI (id: 920);920;1800;1006
04.15.2020 10:30:00;PLMN;RF3RN24 (id: 324);324;PLB_SUKAGAWAOOKANBARAHIGASI (id: 31628);31628;PLB_SUKAGAWAOOKANBARAHIGASI (id: 930);930;1800;1006
04.15.2020 10:30:00;PLMN;RF3RN24 (id: 324);324;PLB_SUKAGAWAOOKANBARAHIGASI (id: 31628);31628;PLB_SUKAGAWAOOKANBARAHIGASI (id: 910);910;1800;1006
04.15.2020 10:30:00;PLMN;RF3RN24 (id: 324);324;SIRASAWAWADA (id: 4982);4982;WCEL4 (id: 4);4;1800;695
04.15.2020 10:30:00;PLMN;RF3RN24 (id: 324);324;TAISINKUMADO (id: 40628);40628;Taisinkumado (id: 4);4;1800;332
04.15.2020 10:45:00;PLMN;MR3RN52 (id: 352);352;HATIKOUDAI (id: 1113);1113;Hatikoudai (id: 4);4;1800;344
04.15.2020 10:45:00;PLMN;MR3RN52 (id: 352);352;HATINOHEBABATYOUAW (id: 43154);43154;WCEL4 (id: 4);4;1800;505
04.15.2020 10:45:00;PLMN;MR3RN52 (id: 352);352;HATINOHENAGANAWASIRODW (id: 41172);41172;WCEL4 (id: 4);4;1800;576
04.15.2020 10:45:00;PLMN;MR3RN52 (id: 352);352;IWAIZUMITAKASUKA (id: 3224);3224;Iwaizumitakasuka (id: 4);4;1800;225
04.15.2020 10:45:00;PLMN;MR3RN52 (id: 352);352;KARUMAIHAREYAMA (id: 41203);41203;Karumaihareyama (id: 4);4;1800;283
04.15.2020 10:45:00;PLMN;MR3RN52 (id: 352);352;KAWARAGIBW (id: 40186);40186;WCEL4 (id: 4);4;0;0
04.15.2020 10:45:00;PLMN;MR3RN52 (id: 352);352;PLB_IWAIZUMIOMOTOKONARI (id: 31268);31268;PLB_IWAIZUMIOMOTOKONARI (id: 910);910;1800;694
04.15.2020 10:45:00;PLMN;MR3RN52 (id: 352);352;PLB_IWAIZUMIOMOTOKONARI (id: 31268);31268;PLB_IWAIZUMIOMOTOKONARI (id: 920);920;1800;694
04.15.2020 10:45:00;PLMN;MR3RN52 (id: 352);352;PLB_KUJISIMOTOKUSARI (id: 36284);36284;PLB_KUJISIMOTOKUSARI (id: 910);910;1800;435
04.15.2020 10:45:00;PLMN;MR3RN57 (id: 357);357;PLB_ESASIYONESATOGAKUMASAWA (id: 31227);31227;PLB_ESASIYONESATOGAKUMASAWA (id: 920);920;1800;605
04.15.2020 10:45:00;PLMN;MR3RN57 (id: 357);357;PLB_ESASIYONESATOGAKUMASAWA (id: 31227);31227;PLB_ESASIYONESATOGAKUMASAWA (id: 910);910;1800;605
04.15.2020 10:45:00;PLMN;RF3RN23 (id: 323);323;SENDAIHIGASIJUUBANTYOUAW (id: 45336);45336;WCEL4 (id: 4);4;1800;872
04.15.2020 10:45:00;PLMN;RF3RN24 (id: 324);324;IZUMIZAKITYUUKAKUKOUGYOUDANTI (id: 45686);45686;Izumizakityuukakukougyoudanti (id: 4);4;1800;413
04.15.2020 10:45:00;PLMN;RF3RN24 (id: 324);324;KOORIYAMAOOTUKIMATIAW (id: 43661);43661;WCEL4 (id: 4);4;1800;377
04.15.2020 10:45:00;PLMN;RF3RN24 (id: 324);324;KOORIYAMAOOTUKIMATIBW (id: 44649);44649;WCEL4 (id: 4);4;0;0
04.15.2020 10:45:00;PLMN;RF3RN24 (id: 324);324;MOTOMIYAARAIAW (id: 43623);43623;MotomiyaaraiAW (id: 4);4;1800;595
04.15.2020 10:45:00;PLMN;RF3RN24 (id: 324);324;PLB_SIRAKAWAKAYANE (id: 14612);14612;Sirakawakayane (id: 4);4;1800;1231
04.15.2020 10:45:00;PLMN;RF3RN24 (id: 324);324;PLB_SIRAKAWAKAYANE (id: 14612);14612;PLB_SIRAKAWAKAYANE (id: 920);920;1800;1231
04.15.2020 10:45:00;PLMN;RF3RN24 (id: 324);324;PLB_SIRAKAWAKAYANE (id: 14612);14612;PLB_SIRAKAWAKAYANE (id: 910);910;1800;1231
04.15.2020 10:45:00;PLMN;RF3RN24 (id: 324);324;PLB_SIRAKAWAKAYANE (id: 14612);14612;PLB_SIRAKAWAKAYANE (id: 930);930;1800;1231
04.15.2020 10:45:00;PLMN;RF3RN24 (id: 324);324;PLB_SIRAKAWAKURABEISITUKADA (id: 34649);34649;PLB_SIRAKAWAKURABEISITUKADA (id: 930);930;1800;1341
04.15.2020 10:45:00;PLMN;RF3RN24 (id: 324);324;PLB_SIRAKAWAKURABEISITUKADA (id: 34649);34649;PLB_SIRAKAWAKURABEISITUKADA (id: 910);910;1800;1341
04.15.2020 10:45:00;PLMN;RF3RN24 (id: 324);324;PLB_SIRAKAWAKURABEISITUKADA (id: 34649);34649;PLB_SIRAKAWAKURABEISITUKADA (id: 920);920;1800;1341
04.15.2020 10:45:00;PLMN;RF3RN24 (id: 324);324;PLB_SUKAGAWAOOKANBARAHIGASI (id: 31628);31628;PLB_SUKAGAWAOOKANBARAHIGASI (id: 920);920;1800;1046
04.15.2020 10:45:00;PLMN;RF3RN24 (id: 324);324;PLB_SUKAGAWAOOKANBARAHIGASI (id: 31628);31628;PLB_SUKAGAWAOOKANBARAHIGASI (id: 930);930;1800;1046
04.15.2020 10:45:00;PLMN;RF3RN24 (id: 324);324;PLB_SUKAGAWAOOKANBARAHIGASI (id: 31628);31628;PLB_SUKAGAWAOOKANBARAHIGASI (id: 910);910;1800;1046
04.15.2020 10:45:00;PLMN;RF3RN24 (id: 324);324;SIRASAWAWADA (id: 4982);4982;WCEL4 (id: 4);4;1800;680
04.15.2020 10:45:00;PLMN;RF3RN24 (id: 324);324;TAISINKUMADO (id: 40628);40628;Taisinkumado (id: 4);4;1800;330
04.15.2020 11:00:00;PLMN;MR3RN52 (id: 352);352;HATIKOUDAI (id: 1113);1113;Hatikoudai (id: 4);4;1800;348
04.15.2020 11:00:00;PLMN;MR3RN52 (id: 352);352;HATINOHEBABATYOUAW (id: 43154);43154;WCEL4 (id: 4);4;1800;471
04.15.2020 11:00:00;PLMN;MR3RN52 (id: 352);352;HATINOHENAGANAWASIRODW (id: 41172);41172;WCEL4 (id: 4);4;1800;548
04.15.2020 11:00:00;PLMN;MR3RN52 (id: 352);352;IWAIZUMITAKASUKA (id: 3224);3224;Iwaizumitakasuka (id: 4);4;1800;225
04.15.2020 11:00:00;PLMN;MR3RN52 (id: 352);352;KARUMAIHAREYAMA (id: 41203);41203;Karumaihareyama (id: 4);4;1800;297
04.15.2020 11:00:00;PLMN;MR3RN52 (id: 352);352;KAWARAGIBW (id: 40186);40186;WCEL4 (id: 4);4;0;0
04.15.2020 11:00:00;PLMN;MR3RN52 (id: 352);352;PLB_IWAIZUMIOMOTOKONARI (id: 31268);31268;PLB_IWAIZUMIOMOTOKONARI (id: 910);910;1800;718
04.15.2020 11:00:00;PLMN;MR3RN52 (id: 352);352;PLB_IWAIZUMIOMOTOKONARI (id: 31268);31268;PLB_IWAIZUMIOMOTOKONARI (id: 920);920;1800;718
04.15.2020 11:00:00;PLMN;MR3RN52 (id: 352);352;PLB_KUJISIMOTOKUSARI (id: 36284);36284;PLB_KUJISIMOTOKUSARI (id: 910);910;1800;494
04.15.2020 11:00:00;PLMN;MR3RN57 (id: 357);357;PLB_ESASIYONESATOGAKUMASAWA (id: 31227);31227;PLB_ESASIYONESATOGAKUMASAWA (id: 920);920;1800;692
04.15.2020 11:00:00;PLMN;MR3RN57 (id: 357);357;PLB_ESASIYONESATOGAKUMASAWA (id: 31227);31227;PLB_ESASIYONESATOGAKUMASAWA (id: 910);910;1800;692
04.15.2020 11:00:00;PLMN;RF3RN23 (id: 323);323;SENDAIHIGASIJUUBANTYOUAW (id: 45336);45336;WCEL4 (id: 4);4;1800;723
04.15.2020 11:00:00;PLMN;RF3RN24 (id: 324);324;IZUMIZAKITYUUKAKUKOUGYOUDANTI (id: 45686);45686;Izumizakityuukakukougyoudanti (id: 4);4;1800;386
04.15.2020 11:00:00;PLMN;RF3RN24 (id: 324);324;KOORIYAMAOOTUKIMATIAW (id: 43661);43661;WCEL4 (id: 4);4;1800;365
04.15.2020 11:00:00;PLMN;RF3RN24 (id: 324);324;KOORIYAMAOOTUKIMATIBW (id: 44649);44649;WCEL4 (id: 4);4;0;0
04.15.2020 11:00:00;PLMN;RF3RN24 (id: 324);324;MOTOMIYAARAIAW (id: 43623);43623;MotomiyaaraiAW (id: 4);4;1800;630
04.15.2020 11:00:00;PLMN;RF3RN24 (id: 324);324;PLB_SIRAKAWAKAYANE (id: 14612);14612;Sirakawakayane (id: 4);4;1800;1296
04.15.2020 11:00:00;PLMN;RF3RN24 (id: 324);324;PLB_SIRAKAWAKAYANE (id: 14612);14612;PLB_SIRAKAWAKAYANE (id: 930);930;1800;1296
04.15.2020 11:00:00;PLMN;RF3RN24 (id: 324);324;PLB_SIRAKAWAKAYANE (id: 14612);14612;PLB_SIRAKAWAKAYANE (id: 920);920;1800;1296
04.15.2020 11:00:00;PLMN;RF3RN24 (id: 324);324;PLB_SIRAKAWAKAYANE (id: 14612);14612;PLB_SIRAKAWAKAYANE (id: 910);910;1800;1296
04.15.2020 11:00:00;PLMN;RF3RN24 (id: 324);324;PLB_SIRAKAWAKURABEISITUKADA (id: 34649);34649;PLB_SIRAKAWAKURABEISITUKADA (id: 910);910;1800;1459
04.15.2020 11:00:00;PLMN;RF3RN24 (id: 324);324;PLB_SIRAKAWAKURABEISITUKADA (id: 34649);34649;PLB_SIRAKAWAKURABEISITUKADA (id: 920);920;1800;1459
04.15.2020 11:00:00;PLMN;RF3RN24 (id: 324);324;PLB_SIRAKAWAKURABEISITUKADA (id: 34649);34649;PLB_SIRAKAWAKURABEISITUKADA (id: 930);930;1800;1459
04.15.2020 11:00:00;PLMN;RF3RN24 (id: 324);324;PLB_SUKAGAWAOOKANBARAHIGASI (id: 31628);31628;PLB_SUKAGAWAOOKANBARAHIGASI (id: 910);910;1800;1011
04.15.2020 11:00:00;PLMN;RF3RN24 (id: 324);324;PLB_SUKAGAWAOOKANBARAHIGASI (id: 31628);31628;PLB_SUKAGAWAOOKANBARAHIGASI (id: 930);930;1800;1011
04.15.2020 11:00:00;PLMN;RF3RN24 (id: 324);324;PLB_SUKAGAWAOOKANBARAHIGASI (id: 31628);31628;PLB_SUKAGAWAOOKANBARAHIGASI (id: 920);920;1800;1011
04.15.2020 11:00:00;PLMN;RF3RN24 (id: 324);324;SIRASAWAWADA (id: 4982);4982;WCEL4 (id: 4);4;1800;663
04.15.2020 11:00:00;PLMN;RF3RN24 (id: 324);324;TAISINKUMADO (id: 40628);40628;Taisinkumado (id: 4);4;1800;345
04.15.2020 11:15:00;PLMN;MR3RN52 (id: 352);352;HATIKOUDAI (id: 1113);1113;Hatikoudai (id: 4);4;1800;356
04.15.2020 11:15:00;PLMN;MR3RN52 (id: 352);352;HATINOHEBABATYOUAW (id: 43154);43154;WCEL4 (id: 4);4;1800;505
04.15.2020 11:15:00;PLMN;MR3RN52 (id: 352);352;HATINOHENAGANAWASIRODW (id: 41172);41172;WCEL4 (id: 4);4;1800;560
04.15.2020 11:15:00;PLMN;MR3RN52 (id: 352);352;IWAIZUMITAKASUKA (id: 3224);3224;Iwaizumitakasuka (id: 4);4;1800;225
04.15.2020 11:15:00;PLMN;MR3RN52 (id: 352);352;KARUMAIHAREYAMA (id: 41203);41203;Karumaihareyama (id: 4);4;1800;283
04.15.2020 11:15:00;PLMN;MR3RN52 (id: 352);352;KAWARAGIBW (id: 40186);40186;WCEL4 (id: 4);4;0;0
04.15.2020 11:15:00;PLMN;MR3RN52 (id: 352);352;PLB_IWAIZUMIOMOTOKONARI (id: 31268);31268;PLB_IWAIZUMIOMOTOKONARI (id: 920);920;1800;722
04.15.2020 11:15:00;PLMN;MR3RN52 (id: 352);352;PLB_IWAIZUMIOMOTOKONARI (id: 31268);31268;PLB_IWAIZUMIOMOTOKONARI (id: 910);910;1800;722
04.15.2020 11:15:00;PLMN;MR3RN52 (id: 352);352;PLB_KUJISIMOTOKUSARI (id: 36284);36284;PLB_KUJISIMOTOKUSARI (id: 910);910;1800;491
04.15.2020 11:15:00;PLMN;MR3RN57 (id: 357);357;PLB_ESASIYONESATOGAKUMASAWA (id: 31227);31227;PLB_ESASIYONESATOGAKUMASAWA (id: 910);910;1800;635
04.15.2020 11:15:00;PLMN;MR3RN57 (id: 357);357;PLB_ESASIYONESATOGAKUMASAWA (id: 31227);31227;PLB_ESASIYONESATOGAKUMASAWA (id: 920);920;1800;635
04.15.2020 11:15:00;PLMN;RF3RN23 (id: 323);323;SENDAIHIGASIJUUBANTYOUAW (id: 45336);45336;WCEL4 (id: 4);4;1800;747
04.15.2020 11:15:00;PLMN;RF3RN24 (id: 324);324;IZUMIZAKITYUUKAKUKOUGYOUDANTI (id: 45686);45686;Izumizakityuukakukougyoudanti (id: 4);4;1800;397
04.15.2020 11:15:00;PLMN;RF3RN24 (id: 324);324;KOORIYAMAOOTUKIMATIAW (id: 43661);43661;WCEL4 (id: 4);4;1800;375
04.15.2020 11:15:00;PLMN;RF3RN24 (id: 324);324;KOORIYAMAOOTUKIMATIBW (id: 44649);44649;WCEL4 (id: 4);4;0;0
04.15.2020 11:15:00;PLMN;RF3RN24 (id: 324);324;MOTOMIYAARAIAW (id: 43623);43623;MotomiyaaraiAW (id: 4);4;1800;550
04.15.2020 11:15:00;PLMN;RF3RN24 (id: 324);324;PLB_SIRAKAWAKAYANE (id: 14612);14612;Sirakawakayane (id: 4);4;1800;1180
04.15.2020 11:15:00;PLMN;RF3RN24 (id: 324);324;PLB_SIRAKAWAKAYANE (id: 14612);14612;PLB_SIRAKAWAKAYANE (id: 910);910;1800;1180
04.15.2020 11:15:00;PLMN;RF3RN24 (id: 324);324;PLB_SIRAKAWAKAYANE (id: 14612);14612;PLB_SIRAKAWAKAYANE (id: 930);930;1800;1180
04.15.2020 11:15:00;PLMN;RF3RN24 (id: 324);324;PLB_SIRAKAWAKAYANE (id: 14612);14612;PLB_SIRAKAWAKAYANE (id: 920);920;1800;1180
04.15.2020 11:15:00;PLMN;RF3RN24 (id: 324);324;PLB_SIRAKAWAKURABEISITUKADA (id: 34649);34649;PLB_SIRAKAWAKURABEISITUKADA (id: 910);910;1800;1409
04.15.2020 11:15:00;PLMN;RF3RN24 (id: 324);324;PLB_SIRAKAWAKURABEISITUKADA (id: 34649);34649;PLB_SIRAKAWAKURABEISITUKADA (id: 930);930;1800;1409
04.15.2020 11:15:00;PLMN;RF3RN24 (id: 324);324;PLB_SIRAKAWAKURABEISITUKADA (id: 34649);34649;PLB_SIRAKAWAKURABEISITUKADA (id: 920);920;1800;1409
04.15.2020 11:15:00;PLMN;RF3RN24 (id: 324);324;PLB_SUKAGAWAOOKANBARAHIGASI (id: 31628);31628;PLB_SUKAGAWAOOKANBARAHIGASI (id: 930);930;1800;1024
04.15.2020 11:15:00;PLMN;RF3RN24 (id: 324);324;PLB_SUKAGAWAOOKANBARAHIGASI (id: 31628);31628;PLB_SUKAGAWAOOKANBARAHIGASI (id: 910);910;1800;1024
04.15.2020 11:15:00;PLMN;RF3RN24 (id: 324);324;PLB_SUKAGAWAOOKANBARAHIGASI (id: 31628);31628;PLB_SUKAGAWAOOKANBARAHIGASI (id: 920);920;1800;1024
04.15.2020 11:15:00;PLMN;RF3RN24 (id: 324);324;SIRASAWAWADA (id: 4982);4982;WCEL4 (id: 4);4;1800;686
04.15.2020 11:15:00;PLMN;RF3RN24 (id: 324);324;TAISINKUMADO (id: 40628);40628;Taisinkumado (id: 4);4;1800;309
04.15.2020 11:30:00;PLMN;MR3RN52 (id: 352);352;HATIKOUDAI (id: 1113);1113;Hatikoudai (id: 4);4;1800;308
04.15.2020 11:30:00;PLMN;MR3RN52 (id: 352);352;HATINOHEBABATYOUAW (id: 43154);43154;WCEL4 (id: 4);4;1800;483
04.15.2020 11:30:00;PLMN;MR3RN52 (id: 352);352;HATINOHENAGANAWASIRODW (id: 41172);41172;WCEL4 (id: 4);4;1800;538
04.15.2020 11:30:00;PLMN;MR3RN52 (id: 352);352;IWAIZUMITAKASUKA (id: 3224);3224;Iwaizumitakasuka (id: 4);4;1800;225
04.15.2020 11:30:00;PLMN;MR3RN52 (id: 352);352;KARUMAIHAREYAMA (id: 41203);41203;Karumaihareyama (id: 4);4;1800;289
04.15.2020 11:30:00;PLMN;MR3RN52 (id: 352);352;KAWARAGIBW (id: 40186);40186;WCEL4 (id: 4);4;0;0
04.15.2020 11:30:00;PLMN;MR3RN52 (id: 352);352;PLB_IWAIZUMIOMOTOKONARI (id: 31268);31268;PLB_IWAIZUMIOMOTOKONARI (id: 920);920;1800;681
04.15.2020 11:30:00;PLMN;MR3RN52 (id: 352);352;PLB_IWAIZUMIOMOTOKONARI (id: 31268);31268;PLB_IWAIZUMIOMOTOKONARI (id: 910);910;1800;681
04.15.2020 11:30:00;PLMN;MR3RN52 (id: 352);352;PLB_KUJISIMOTOKUSARI (id: 36284);36284;PLB_KUJISIMOTOKUSARI (id: 910);910;1800;487
04.15.2020 11:30:00;PLMN;MR3RN57 (id: 357);357;PLB_ESASIYONESATOGAKUMASAWA (id: 31227);31227;PLB_ESASIYONESATOGAKUMASAWA (id: 920);920;1800;653
04.15.2020 11:30:00;PLMN;MR3RN57 (id: 357);357;PLB_ESASIYONESATOGAKUMASAWA (id: 31227);31227;PLB_ESASIYONESATOGAKUMASAWA (id: 910);910;1800;653
04.15.2020 11:30:00;PLMN;RF3RN23 (id: 323);323;SENDAIHIGASIJUUBANTYOUAW (id: 45336);45336;WCEL4 (id: 4);4;1800;694
04.15.2020 11:30:00;PLMN;RF3RN24 (id: 324);324;IZUMIZAKITYUUKAKUKOUGYOUDANTI (id: 45686);45686;Izumizakityuukakukougyoudanti (id: 4);4;1800;438
04.15.2020 11:30:00;PLMN;RF3RN24 (id: 324);324;KOORIYAMAOOTUKIMATIAW (id: 43661);43661;WCEL4 (id: 4);4;1800;355
04.15.2020 11:30:00;PLMN;RF3RN24 (id: 324);324;KOORIYAMAOOTUKIMATIBW (id: 44649);44649;WCEL4 (id: 4);4;0;0
04.15.2020 11:30:00;PLMN;RF3RN24 (id: 324);324;MOTOMIYAARAIAW (id: 43623);43623;MotomiyaaraiAW (id: 4);4;1800;728
04.15.2020 11:30:00;PLMN;RF3RN24 (id: 324);324;PLB_SIRAKAWAKAYANE (id: 14612);14612;PLB_SIRAKAWAKAYANE (id: 920);920;1800;1220
04.15.2020 11:30:00;PLMN;RF3RN24 (id: 324);324;PLB_SIRAKAWAKAYANE (id: 14612);14612;PLB_SIRAKAWAKAYANE (id: 910);910;1800;1220
04.15.2020 11:30:00;PLMN;RF3RN24 (id: 324);324;PLB_SIRAKAWAKAYANE (id: 14612);14612;Sirakawakayane (id: 4);4;1800;1220
04.15.2020 11:30:00;PLMN;RF3RN24 (id: 324);324;PLB_SIRAKAWAKAYANE (id: 14612);14612;PLB_SIRAKAWAKAYANE (id: 930);930;1800;1220
04.15.2020 11:30:00;PLMN;RF3RN24 (id: 324);324;PLB_SIRAKAWAKURABEISITUKADA (id: 34649);34649;PLB_SIRAKAWAKURABEISITUKADA (id: 910);910;1800;1414
04.15.2020 11:30:00;PLMN;RF3RN24 (id: 324);324;PLB_SIRAKAWAKURABEISITUKADA (id: 34649);34649;PLB_SIRAKAWAKURABEISITUKADA (id: 920);920;1800;1414
04.15.2020 11:30:00;PLMN;RF3RN24 (id: 324);324;PLB_SIRAKAWAKURABEISITUKADA (id: 34649);34649;PLB_SIRAKAWAKURABEISITUKADA (id: 930);930;1800;1414
04.15.2020 11:30:00;PLMN;RF3RN24 (id: 324);324;PLB_SUKAGAWAOOKANBARAHIGASI (id: 31628);31628;PLB_SUKAGAWAOOKANBARAHIGASI (id: 910);910;1800;1091
04.15.2020 11:30:00;PLMN;RF3RN24 (id: 324);324;PLB_SUKAGAWAOOKANBARAHIGASI (id: 31628);31628;PLB_SUKAGAWAOOKANBARAHIGASI (id: 930);930;1800;1091
04.15.2020 11:30:00;PLMN;RF3RN24 (id: 324);324;PLB_SUKAGAWAOOKANBARAHIGASI (id: 31628);31628;PLB_SUKAGAWAOOKANBARAHIGASI (id: 920);920;1800;1091
04.15.2020 11:30:00;PLMN;RF3RN24 (id: 324);324;SIRASAWAWADA (id: 4982);4982;WCEL4 (id: 4);4;1800;647
04.15.2020 11:30:00;PLMN;RF3RN24 (id: 324);324;TAISINKUMADO (id: 40628);40628;Taisinkumado (id: 4);4;1800;347
04.15.2020 11:45:00;PLMN;MR3RN52 (id: 352);352;HATIKOUDAI (id: 1113);1113;Hatikoudai (id: 4);4;1800;338
04.15.2020 11:45:00;PLMN;MR3RN52 (id: 352);352;HATINOHEBABATYOUAW (id: 43154);43154;WCEL4 (id: 4);4;1800;476
04.15.2020 11:45:00;PLMN;MR3RN52 (id: 352);352;HATINOHENAGANAWASIRODW (id: 41172);41172;WCEL4 (id: 4);4;1800;552
04.15.2020 11:45:00;PLMN;MR3RN52 (id: 352);352;IWAIZUMITAKASUKA (id: 3224);3224;Iwaizumitakasuka (id: 4);4;1800;225
04.15.2020 11:45:00;PLMN;MR3RN52 (id: 352);352;KARUMAIHAREYAMA (id: 41203);41203;Karumaihareyama (id: 4);4;1800;297
04.15.2020 11:45:00;PLMN;MR3RN52 (id: 352);352;KAWARAGIBW (id: 40186);40186;WCEL4 (id: 4);4;0;0
04.15.2020 11:45:00;PLMN;MR3RN52 (id: 352);352;PLB_IWAIZUMIOMOTOKONARI (id: 31268);31268;PLB_IWAIZUMIOMOTOKONARI (id: 910);910;1800;673
04.15.2020 11:45:00;PLMN;MR3RN52 (id: 352);352;PLB_IWAIZUMIOMOTOKONARI (id: 31268);31268;PLB_IWAIZUMIOMOTOKONARI (id: 920);920;1800;673
04.15.2020 11:45:00;PLMN;MR3RN52 (id: 352);352;PLB_KUJISIMOTOKUSARI (id: 36284);36284;PLB_KUJISIMOTOKUSARI (id: 910);910;1800;484
04.15.2020 11:45:00;PLMN;MR3RN57 (id: 357);357;PLB_ESASIYONESATOGAKUMASAWA (id: 31227);31227;PLB_ESASIYONESATOGAKUMASAWA (id: 910);910;1800;662
04.15.2020 11:45:00;PLMN;MR3RN57 (id: 357);357;PLB_ESASIYONESATOGAKUMASAWA (id: 31227);31227;PLB_ESASIYONESATOGAKUMASAWA (id: 920);920;1800;662
04.15.2020 11:45:00;PLMN;RF3RN23 (id: 323);323;SENDAIHIGASIJUUBANTYOUAW (id: 45336);45336;WCEL4 (id: 4);4;1800;738
04.15.2020 11:45:00;PLMN;RF3RN24 (id: 324);324;IZUMIZAKITYUUKAKUKOUGYOUDANTI (id: 45686);45686;Izumizakityuukakukougyoudanti (id: 4);4;1800;404
04.15.2020 11:45:00;PLMN;RF3RN24 (id: 324);324;KOORIYAMAOOTUKIMATIAW (id: 43661);43661;WCEL4 (id: 4);4;1800;366
04.15.2020 11:45:00;PLMN;RF3RN24 (id: 324);324;KOORIYAMAOOTUKIMATIBW (id: 44649);44649;WCEL4 (id: 4);4;0;0
04.15.2020 11:45:00;PLMN;RF3RN24 (id: 324);324;MOTOMIYAARAIAW (id: 43623);43623;MotomiyaaraiAW (id: 4);4;1800;707
04.15.2020 11:45:00;PLMN;RF3RN24 (id: 324);324;PLB_SIRAKAWAKAYANE (id: 14612);14612;PLB_SIRAKAWAKAYANE (id: 930);930;1800;1149
04.15.2020 11:45:00;PLMN;RF3RN24 (id: 324);324;PLB_SIRAKAWAKAYANE (id: 14612);14612;Sirakawakayane (id: 4);4;1800;1149
04.15.2020 11:45:00;PLMN;RF3RN24 (id: 324);324;PLB_SIRAKAWAKAYANE (id: 14612);14612;PLB_SIRAKAWAKAYANE (id: 910);910;1800;1149
04.15.2020 11:45:00;PLMN;RF3RN24 (id: 324);324;PLB_SIRAKAWAKAYANE (id: 14612);14612;PLB_SIRAKAWAKAYANE (id: 920);920;1800;1149
04.15.2020 11:45:00;PLMN;RF3RN24 (id: 324);324;PLB_SIRAKAWAKURABEISITUKADA (id: 34649);34649;PLB_SIRAKAWAKURABEISITUKADA (id: 930);930;1800;1363
04.15.2020 11:45:00;PLMN;RF3RN24 (id: 324);324;PLB_SIRAKAWAKURABEISITUKADA (id: 34649);34649;PLB_SIRAKAWAKURABEISITUKADA (id: 920);920;1800;1363
04.15.2020 11:45:00;PLMN;RF3RN24 (id: 324);324;PLB_SIRAKAWAKURABEISITUKADA (id: 34649);34649;PLB_SIRAKAWAKURABEISITUKADA (id: 910);910;1800;1363
04.15.2020 11:45:00;PLMN;RF3RN24 (id: 324);324;PLB_SUKAGAWAOOKANBARAHIGASI (id: 31628);31628;PLB_SUKAGAWAOOKANBARAHIGASI (id: 920);920;1800;1184
04.15.2020 11:45:00;PLMN;RF3RN24 (id: 324);324;PLB_SUKAGAWAOOKANBARAHIGASI (id: 31628);31628;PLB_SUKAGAWAOOKANBARAHIGASI (id: 930);930;1800;1184
04.15.2020 11:45:00;PLMN;RF3RN24 (id: 324);324;PLB_SUKAGAWAOOKANBARAHIGASI (id: 31628);31628;PLB_SUKAGAWAOOKANBARAHIGASI (id: 910);910;1800;1184
04.15.2020 11:45:00;PLMN;RF3RN24 (id: 324);324;SIRASAWAWADA (id: 4982);4982;WCEL4 (id: 4);4;1800;676
04.15.2020 11:45:00;PLMN;RF3RN24 (id: 324);324;TAISINKUMADO (id: 40628);40628;Taisinkumado (id: 4);4;1800;350
