PERIOD_START_TIME;PLMN name;RNC name;RNC ID;WBTS name;WBTS ID;WCEL name;WCEL ID;RACH: rach_denomi3;RACH: rach_peambles
04.14.2020 08:00:00;PLMN;MR3RN52 (id: 352);352;HATIKOUDAI (id: 1113);1113;Hatikoudai (id: 4);4;1800;375
04.14.2020 08:00:00;PLMN;MR3RN52 (id: 352);352;HATINOHEBABATYOUAW (id: 43154);43154;WCEL4 (id: 4);4;1800;478
04.14.2020 08:00:00;PLMN;MR3RN52 (id: 352);352;HATINOHENAGANAWASIRODW (id: 41172);41172;WCEL4 (id: 4);4;1800;576
04.14.2020 08:00:00;PLMN;MR3RN52 (id: 352);352;IWAIZUMITAKASUKA (id: 3224);3224;Iwaizumitakasuka (id: 4);4;1800;225
04.14.2020 08:00:00;PLMN;MR3RN52 (id: 352);352;KARUMAIHAREYAMA (id: 41203);41203;Karumaihareyama (id: 4);4;1800;281
04.14.2020 08:00:00;PLMN;MR3RN52 (id: 352);352;KAWARAGIBW (id: 40186);40186;WCEL4 (id: 4);4;0;0
04.14.2020 08:00:00;PLMN;MR3RN52 (id: 352);352;PLB_IWAIZUMIOMOTOKONARI (id: 31268);31268;PLB_IWAIZUMIOMOTOKONARI (id: 920);920;1800;721
04.14.2020 08:00:00;PLMN;MR3RN52 (id: 352);352;PLB_IWAIZUMIOMOTOKONARI (id: 31268);31268;PLB_IWAIZUMIOMOTOKONARI (id: 910);910;1800;721
04.14.2020 08:00:00;PLMN;MR3RN52 (id: 352);352;PLB_KUJISIMOTOKUSARI (id: 36284);36284;PLB_KUJISIMOTOKUSARI (id: 910);910;1800;510
04.14.2020 08:00:00;PLMN;MR3RN57 (id: 357);357;PLB_ESASIYONESATOGAKUMASAWA (id: 31227);31227;PLB_ESASIYONESATOGAKUMASAWA (id: 920);920;1800;803
04.14.2020 08:00:00;PLMN;MR3RN57 (id: 357);357;PLB_ESASIYONESATOGAKUMASAWA (id: 31227);31227;PLB_ESASIYONESATOGAKUMASAWA (id: 910);910;1800;803
04.14.2020 08:00:00;PLMN;RF3RN23 (id: 323);323;SENDAIHIGASIJUUBANTYOUAW (id: 45336);45336;WCEL4 (id: 4);4;1800;542
04.14.2020 08:00:00;PLMN;RF3RN24 (id: 324);324;IZUMIZAKITYUUKAKUKOUGYOUDANTI (id: 45686);45686;Izumizakityuukakukougyoudanti (id: 4);4;1800;469
04.14.2020 08:00:00;PLMN;RF3RN24 (id: 324);324;KOORIYAMAOOTUKIMATIAW (id: 43661);43661;WCEL4 (id: 4);4;1800;421
04.14.2020 08:00:00;PLMN;RF3RN24 (id: 324);324;KOORIYAMAOOTUKIMATIBW (id: 44649);44649;WCEL4 (id: 4);4;0;0
04.14.2020 08:00:00;PLMN;RF3RN24 (id: 324);324;MOTOMIYAARAIAW (id: 43623);43623;MotomiyaaraiAW (id: 4);4;1800;744
04.14.2020 08:00:00;PLMN;RF3RN24 (id: 324);324;PLB_SIRAKAWAKAYANE (id: 14612);14612;PLB_SIRAKAWAKAYANE (id: 910);910;1800;1251
04.14.2020 08:00:00;PLMN;RF3RN24 (id: 324);324;PLB_SIRAKAWAKAYANE (id: 14612);14612;PLB_SIRAKAWAKAYANE (id: 920);920;1800;1251
04.14.2020 08:00:00;PLMN;RF3RN24 (id: 324);324;PLB_SIRAKAWAKAYANE (id: 14612);14612;PLB_SIRAKAWAKAYANE (id: 930);930;1800;1251
04.14.2020 08:00:00;PLMN;RF3RN24 (id: 324);324;PLB_SIRAKAWAKAYANE (id: 14612);14612;Sirakawakayane (id: 4);4;1800;1251
04.14.2020 08:00:00;PLMN;RF3RN24 (id: 324);324;PLB_SIRAKAWAKURABEISITUKADA (id: 34649);34649;PLB_SIRAKAWAKURABEISITUKADA (id: 920);920;1800;1532
04.14.2020 08:00:00;PLMN;RF3RN24 (id: 324);324;PLB_SIRAKAWAKURABEISITUKADA (id: 34649);34649;PLB_SIRAKAWAKURABEISITUKADA (id: 910);910;1800;1532
04.14.2020 08:00:00;PLMN;RF3RN24 (id: 324);324;PLB_SIRAKAWAKURABEISITUKADA (id: 34649);34649;PLB_SIRAKAWAKURABEISITUKADA (id: 930);930;1800;1532
04.14.2020 08:00:00;PLMN;RF3RN24 (id: 324);324;PLB_SUKAGAWAOOKANBARAHIGASI (id: 31628);31628;PLB_SUKAGAWAOOKANBARAHIGASI (id: 930);930;1800;1109
04.14.2020 08:00:00;PLMN;RF3RN24 (id: 324);324;PLB_SUKAGAWAOOKANBARAHIGASI (id: 31628);31628;PLB_SUKAGAWAOOKANBARAHIGASI (id: 910);910;1800;1109
04.14.2020 08:00:00;PLMN;RF3RN24 (id: 324);324;PLB_SUKAGAWAOOKANBARAHIGASI (id: 31628);31628;PLB_SUKAGAWAOOKANBARAHIGASI (id: 920);920;1800;1109
04.14.2020 08:00:00;PLMN;RF3RN24 (id: 324);324;SIRASAWAWADA (id: 4982);4982;WCEL4 (id: 4);4;1800;741
04.14.2020 08:00:00;PLMN;RF3RN24 (id: 324);324;TAISINKUMADO (id: 40628);40628;Taisinkumado (id: 4);4;1800;355
04.14.2020 08:15:00;PLMN;MR3RN52 (id: 352);352;HATIKOUDAI (id: 1113);1113;Hatikoudai (id: 4);4;1800;312
04.14.2020 08:15:00;PLMN;MR3RN52 (id: 352);352;HATINOHEBABATYOUAW (id: 43154);43154;WCEL4 (id: 4);4;1800;411
04.14.2020 08:15:00;PLMN;MR3RN52 (id: 352);352;HATINOHENAGANAWASIRODW (id: 41172);41172;WCEL4 (id: 4);4;1800;541
04.14.2020 08:15:00;PLMN;MR3RN52 (id: 352);352;IWAIZUMITAKASUKA (id: 3224);3224;Iwaizumitakasuka (id: 4);4;1800;225
04.14.2020 08:15:00;PLMN;MR3RN52 (id: 352);352;KARUMAIHAREYAMA (id: 41203);41203;Karumaihareyama (id: 4);4;1800;288
04.14.2020 08:15:00;PLMN;MR3RN52 (id: 352);352;KAWARAGIBW (id: 40186);40186;WCEL4 (id: 4);4;0;0
04.14.2020 08:15:00;PLMN;MR3RN52 (id: 352);352;PLB_IWAIZUMIOMOTOKONARI (id: 31268);31268;PLB_IWAIZUMIOMOTOKONARI (id: 910);910;1800;681
04.14.2020 08:15:00;PLMN;MR3RN52 (id: 352);352;PLB_IWAIZUMIOMOTOKONARI (id: 31268);31268;PLB_IWAIZUMIOMOTOKONARI (id: 920);920;1800;681
04.14.2020 08:15:00;PLMN;MR3RN52 (id: 352);352;PLB_KUJISIMOTOKUSARI (id: 36284);36284;PLB_KUJISIMOTOKUSARI (id: 910);910;1800;480
04.14.2020 08:15:00;PLMN;MR3RN57 (id: 357);357;PLB_ESASIYONESATOGAKUMASAWA (id: 31227);31227;PLB_ESASIYONESATOGAKUMASAWA (id: 910);910;1800;698
04.14.2020 08:15:00;PLMN;MR3RN57 (id: 357);357;PLB_ESASIYONESATOGAKUMASAWA (id: 31227);31227;PLB_ESASIYONESATOGAKUMASAWA (id: 920);920;1800;698
04.14.2020 08:15:00;PLMN;RF3RN23 (id: 323);323;SENDAIHIGASIJUUBANTYOUAW (id: 45336);45336;WCEL4 (id: 4);4;1800;553
04.14.2020 08:15:00;PLMN;RF3RN24 (id: 324);324;IZUMIZAKITYUUKAKUKOUGYOUDANTI (id: 45686);45686;Izumizakityuukakukougyoudanti (id: 4);4;1800;644
04.14.2020 08:15:00;PLMN;RF3RN24 (id: 324);324;KOORIYAMAOOTUKIMATIAW (id: 43661);43661;WCEL4 (id: 4);4;1800;372
04.14.2020 08:15:00;PLMN;RF3RN24 (id: 324);324;KOORIYAMAOOTUKIMATIBW (id: 44649);44649;WCEL4 (id: 4);4;0;0
04.14.2020 08:15:00;PLMN;RF3RN24 (id: 324);324;MOTOMIYAARAIAW (id: 43623);43623;MotomiyaaraiAW (id: 4);4;1800;700
04.14.2020 08:15:00;PLMN;RF3RN24 (id: 324);324;PLB_SIRAKAWAKAYANE (id: 14612);14612;PLB_SIRAKAWAKAYANE (id: 920);920;1800;1221
04.14.2020 08:15:00;PLMN;RF3RN24 (id: 324);324;PLB_SIRAKAWAKAYANE (id: 14612);14612;PLB_SIRAKAWAKAYANE (id: 910);910;1800;1221
04.14.2020 08:15:00;PLMN;RF3RN24 (id: 324);324;PLB_SIRAKAWAKAYANE (id: 14612);14612;PLB_SIRAKAWAKAYANE (id: 930);930;1800;1221
04.14.2020 08:15:00;PLMN;RF3RN24 (id: 324);324;PLB_SIRAKAWAKAYANE (id: 14612);14612;Sirakawakayane (id: 4);4;1800;1221
04.14.2020 08:15:00;PLMN;RF3RN24 (id: 324);324;PLB_SIRAKAWAKURABEISITUKADA (id: 34649);34649;PLB_SIRAKAWAKURABEISITUKADA (id: 910);910;1800;1453
04.14.2020 08:15:00;PLMN;RF3RN24 (id: 324);324;PLB_SIRAKAWAKURABEISITUKADA (id: 34649);34649;PLB_SIRAKAWAKURABEISITUKADA (id: 920);920;1800;1453
04.14.2020 08:15:00;PLMN;RF3RN24 (id: 324);324;PLB_SIRAKAWAKURABEISITUKADA (id: 34649);34649;PLB_SIRAKAWAKURABEISITUKADA (id: 930);930;1800;1453
04.14.2020 08:15:00;PLMN;RF3RN24 (id: 324);324;PLB_SUKAGAWAOOKANBARAHIGASI (id: 31628);31628;PLB_SUKAGAWAOOKANBARAHIGASI (id: 910);910;1800;1003
04.14.2020 08:15:00;PLMN;RF3RN24 (id: 324);324;PLB_SUKAGAWAOOKANBARAHIGASI (id: 31628);31628;PLB_SUKAGAWAOOKANBARAHIGASI (id: 920);920;1800;1003
04.14.2020 08:15:00;PLMN;RF3RN24 (id: 324);324;PLB_SUKAGAWAOOKANBARAHIGASI (id: 31628);31628;PLB_SUKAGAWAOOKANBARAHIGASI (id: 930);930;1800;1003
04.14.2020 08:15:00;PLMN;RF3RN24 (id: 324);324;SIRASAWAWADA (id: 4982);4982;WCEL4 (id: 4);4;1800;663
04.14.2020 08:15:00;PLMN;RF3RN24 (id: 324);324;TAISINKUMADO (id: 40628);40628;Taisinkumado (id: 4);4;1800;351
04.14.2020 08:30:00;PLMN;MR3RN52 (id: 352);352;HATIKOUDAI (id: 1113);1113;Hatikoudai (id: 4);4;1800;357
04.14.2020 08:30:00;PLMN;MR3RN52 (id: 352);352;HATINOHEBABATYOUAW (id: 43154);43154;WCEL4 (id: 4);4;1800;566
04.14.2020 08:30:00;PLMN;MR3RN52 (id: 352);352;HATINOHENAGANAWASIRODW (id: 41172);41172;WCEL4 (id: 4);4;1800;518
04.14.2020 08:30:00;PLMN;MR3RN52 (id: 352);352;IWAIZUMITAKASUKA (id: 3224);3224;Iwaizumitakasuka (id: 4);4;1800;225
04.14.2020 08:30:00;PLMN;MR3RN52 (id: 352);352;KARUMAIHAREYAMA (id: 41203);41203;Karumaihareyama (id: 4);4;1800;281
04.14.2020 08:30:00;PLMN;MR3RN52 (id: 352);352;KAWARAGIBW (id: 40186);40186;WCEL4 (id: 4);4;0;0
04.14.2020 08:30:00;PLMN;MR3RN52 (id: 352);352;PLB_IWAIZUMIOMOTOKONARI (id: 31268);31268;PLB_IWAIZUMIOMOTOKONARI (id: 920);920;1800;645
04.14.2020 08:30:00;PLMN;MR3RN52 (id: 352);352;PLB_IWAIZUMIOMOTOKONARI (id: 31268);31268;PLB_IWAIZUMIOMOTOKONARI (id: 910);910;1800;645
04.14.2020 08:30:00;PLMN;MR3RN52 (id: 352);352;PLB_KUJISIMOTOKUSARI (id: 36284);36284;PLB_KUJISIMOTOKUSARI (id: 910);910;1800;442
04.14.2020 08:30:00;PLMN;MR3RN57 (id: 357);357;PLB_ESASIYONESATOGAKUMASAWA (id: 31227);31227;PLB_ESASIYONESATOGAKUMASAWA (id: 920);920;1800;644
04.14.2020 08:30:00;PLMN;MR3RN57 (id: 357);357;PLB_ESASIYONESATOGAKUMASAWA (id: 31227);31227;PLB_ESASIYONESATOGAKUMASAWA (id: 910);910;1800;644
04.14.2020 08:30:00;PLMN;RF3RN23 (id: 323);323;SENDAIHIGASIJUUBANTYOUAW (id: 45336);45336;WCEL4 (id: 4);4;1800;601
04.14.2020 08:30:00;PLMN;RF3RN24 (id: 324);324;IZUMIZAKITYUUKAKUKOUGYOUDANTI (id: 45686);45686;Izumizakityuukakukougyoudanti (id: 4);4;1800;450
04.14.2020 08:30:00;PLMN;RF3RN24 (id: 324);324;KOORIYAMAOOTUKIMATIAW (id: 43661);43661;WCEL4 (id: 4);4;1800;349
04.14.2020 08:30:00;PLMN;RF3RN24 (id: 324);324;KOORIYAMAOOTUKIMATIBW (id: 44649);44649;WCEL4 (id: 4);4;0;0
04.14.2020 08:30:00;PLMN;RF3RN24 (id: 324);324;MOTOMIYAARAIAW (id: 43623);43623;MotomiyaaraiAW (id: 4);4;1800;748
04.14.2020 08:30:00;PLMN;RF3RN24 (id: 324);324;PLB_SIRAKAWAKAYANE (id: 14612);14612;Sirakawakayane (id: 4);4;1800;1205
04.14.2020 08:30:00;PLMN;RF3RN24 (id: 324);324;PLB_SIRAKAWAKAYANE (id: 14612);14612;PLB_SIRAKAWAKAYANE (id: 910);910;1800;1205
04.14.2020 08:30:00;PLMN;RF3RN24 (id: 324);324;PLB_SIRAKAWAKAYANE (id: 14612);14612;PLB_SIRAKAWAKAYANE (id: 930);930;1800;1205
04.14.2020 08:30:00;PLMN;RF3RN24 (id: 324);324;PLB_SIRAKAWAKAYANE (id: 14612);14612;PLB_SIRAKAWAKAYANE (id: 920);920;1800;1205
04.14.2020 08:30:00;PLMN;RF3RN24 (id: 324);324;PLB_SIRAKAWAKURABEISITUKADA (id: 34649);34649;PLB_SIRAKAWAKURABEISITUKADA (id: 920);920;1800;1572
04.14.2020 08:30:00;PLMN;RF3RN24 (id: 324);324;PLB_SIRAKAWAKURABEISITUKADA (id: 34649);34649;PLB_SIRAKAWAKURABEISITUKADA (id: 930);930;1800;1572
04.14.2020 08:30:00;PLMN;RF3RN24 (id: 324);324;PLB_SIRAKAWAKURABEISITUKADA (id: 34649);34649;PLB_SIRAKAWAKURABEISITUKADA (id: 910);910;1800;1572
04.14.2020 08:30:00;PLMN;RF3RN24 (id: 324);324;PLB_SUKAGAWAOOKANBARAHIGASI (id: 31628);31628;PLB_SUKAGAWAOOKANBARAHIGASI (id: 920);920;1800;1033
04.14.2020 08:30:00;PLMN;RF3RN24 (id: 324);324;PLB_SUKAGAWAOOKANBARAHIGASI (id: 31628);31628;PLB_SUKAGAWAOOKANBARAHIGASI (id: 930);930;1800;1033
04.14.2020 08:30:00;PLMN;RF3RN24 (id: 324);324;PLB_SUKAGAWAOOKANBARAHIGASI (id: 31628);31628;PLB_SUKAGAWAOOKANBARAHIGASI (id: 910);910;1800;1033
04.14.2020 08:30:00;PLMN;RF3RN24 (id: 324);324;SIRASAWAWADA (id: 4982);4982;WCEL4 (id: 4);4;1800;675
04.14.2020 08:30:00;PLMN;RF3RN24 (id: 324);324;TAISINKUMADO (id: 40628);40628;Taisinkumado (id: 4);4;1800;328
04.14.2020 08:45:00;PLMN;MR3RN52 (id: 352);352;HATIKOUDAI (id: 1113);1113;Hatikoudai (id: 4);4;1800;338
04.14.2020 08:45:00;PLMN;MR3RN52 (id: 352);352;HATINOHEBABATYOUAW (id: 43154);43154;WCEL4 (id: 4);4;1800;466
04.14.2020 08:45:00;PLMN;MR3RN52 (id: 352);352;HATINOHENAGANAWASIRODW (id: 41172);41172;WCEL4 (id: 4);4;1800;556
04.14.2020 08:45:00;PLMN;MR3RN52 (id: 352);352;IWAIZUMITAKASUKA (id: 3224);3224;Iwaizumitakasuka (id: 4);4;1800;225
04.14.2020 08:45:00;PLMN;MR3RN52 (id: 352);352;KARUMAIHAREYAMA (id: 41203);41203;Karumaihareyama (id: 4);4;1800;302
04.14.2020 08:45:00;PLMN;MR3RN52 (id: 352);352;KAWARAGIBW (id: 40186);40186;WCEL4 (id: 4);4;0;0
04.14.2020 08:45:00;PLMN;MR3RN52 (id: 352);352;PLB_IWAIZUMIOMOTOKONARI (id: 31268);31268;PLB_IWAIZUMIOMOTOKONARI (id: 910);910;1800;717
04.14.2020 08:45:00;PLMN;MR3RN52 (id: 352);352;PLB_IWAIZUMIOMOTOKONARI (id: 31268);31268;PLB_IWAIZUMIOMOTOKONARI (id: 920);920;1800;717
04.14.2020 08:45:00;PLMN;MR3RN52 (id: 352);352;PLB_KUJISIMOTOKUSARI (id: 36284);36284;PLB_KUJISIMOTOKUSARI (id: 910);910;1800;488
04.14.2020 08:45:00;PLMN;MR3RN57 (id: 357);357;PLB_ESASIYONESATOGAKUMASAWA (id: 31227);31227;PLB_ESASIYONESATOGAKUMASAWA (id: 920);920;1800;714
04.14.2020 08:45:00;PLMN;MR3RN57 (id: 357);357;PLB_ESASIYONESATOGAKUMASAWA (id: 31227);31227;PLB_ESASIYONESATOGAKUMASAWA (id: 910);910;1800;714
04.14.2020 08:45:00;PLMN;RF3RN23 (id: 323);323;SENDAIHIGASIJUUBANTYOUAW (id: 45336);45336;WCEL4 (id: 4);4;1800;586
04.14.2020 08:45:00;PLMN;RF3RN24 (id: 324);324;IZUMIZAKITYUUKAKUKOUGYOUDANTI (id: 45686);45686;Izumizakityuukakukougyoudanti (id: 4);4;1800;378
04.14.2020 08:45:00;PLMN;RF3RN24 (id: 324);324;KOORIYAMAOOTUKIMATIAW (id: 43661);43661;WCEL4 (id: 4);4;1800;377
04.14.2020 08:45:00;PLMN;RF3RN24 (id: 324);324;KOORIYAMAOOTUKIMATIBW (id: 44649);44649;WCEL4 (id: 4);4;0;0
04.14.2020 08:45:00;PLMN;RF3RN24 (id: 324);324;MOTOMIYAARAIAW (id: 43623);43623;MotomiyaaraiAW (id: 4);4;1800;614
04.14.2020 08:45:00;PLMN;RF3RN24 (id: 324);324;PLB_SIRAKAWAKAYANE (id: 14612);14612;PLB_SIRAKAWAKAYANE (id: 930);930;1800;1209
04.14.2020 08:45:00;PLMN;RF3RN24 (id: 324);324;PLB_SIRAKAWAKAYANE (id: 14612);14612;PLB_SIRAKAWAKAYANE (id: 910);910;1800;1209
04.14.2020 08:45:00;PLMN;RF3RN24 (id: 324);324;PLB_SIRAKAWAKAYANE (id: 14612);14612;Sirakawakayane (id: 4);4;1800;1209
04.14.2020 08:45:00;PLMN;RF3RN24 (id: 324);324;PLB_SIRAKAWAKAYANE (id: 14612);14612;PLB_SIRAKAWAKAYANE (id: 920);920;1800;1209
04.14.2020 08:45:00;PLMN;RF3RN24 (id: 324);324;PLB_SIRAKAWAKURABEISITUKADA (id: 34649);34649;PLB_SIRAKAWAKURABEISITUKADA (id: 930);930;1800;1541
04.14.2020 08:45:00;PLMN;RF3RN24 (id: 324);324;PLB_SIRAKAWAKURABEISITUKADA (id: 34649);34649;PLB_SIRAKAWAKURABEISITUKADA (id: 910);910;1800;1541
04.14.2020 08:45:00;PLMN;RF3RN24 (id: 324);324;PLB_SIRAKAWAKURABEISITUKADA (id: 34649);34649;PLB_SIRAKAWAKURABEISITUKADA (id: 920);920;1800;1541
04.14.2020 08:45:00;PLMN;RF3RN24 (id: 324);324;PLB_SUKAGAWAOOKANBARAHIGASI (id: 31628);31628;PLB_SUKAGAWAOOKANBARAHIGASI (id: 910);910;1800;1107
04.14.2020 08:45:00;PLMN;RF3RN24 (id: 324);324;PLB_SUKAGAWAOOKANBARAHIGASI (id: 31628);31628;PLB_SUKAGAWAOOKANBARAHIGASI (id: 930);930;1800;1107
04.14.2020 08:45:00;PLMN;RF3RN24 (id: 324);324;PLB_SUKAGAWAOOKANBARAHIGASI (id: 31628);31628;PLB_SUKAGAWAOOKANBARAHIGASI (id: 920);920;1800;1107
04.14.2020 08:45:00;PLMN;RF3RN24 (id: 324);324;SIRASAWAWADA (id: 4982);4982;WCEL4 (id: 4);4;1800;683
04.14.2020 08:45:00;PLMN;RF3RN24 (id: 324);324;TAISINKUMADO (id: 40628);40628;Taisinkumado (id: 4);4;1800;336
04.14.2020 09:00:00;PLMN;MR3RN52 (id: 352);352;HATIKOUDAI (id: 1113);1113;Hatikoudai (id: 4);4;1800;322
04.14.2020 09:00:00;PLMN;MR3RN52 (id: 352);352;HATINOHEBABATYOUAW (id: 43154);43154;WCEL4 (id: 4);4;1800;482
04.14.2020 09:00:00;PLMN;MR3RN52 (id: 352);352;HATINOHENAGANAWASIRODW (id: 41172);41172;WCEL4 (id: 4);4;1800;603
04.14.2020 09:00:00;PLMN;MR3RN52 (id: 352);352;IWAIZUMITAKASUKA (id: 3224);3224;Iwaizumitakasuka (id: 4);4;1800;225
04.14.2020 09:00:00;PLMN;MR3RN52 (id: 352);352;KARUMAIHAREYAMA (id: 41203);41203;Karumaihareyama (id: 4);4;1800;277
04.14.2020 09:00:00;PLMN;MR3RN52 (id: 352);352;KAWARAGIBW (id: 40186);40186;WCEL4 (id: 4);4;0;0
04.14.2020 09:00:00;PLMN;MR3RN52 (id: 352);352;PLB_IWAIZUMIOMOTOKONARI (id: 31268);31268;PLB_IWAIZUMIOMOTOKONARI (id: 910);910;1800;657
04.14.2020 09:00:00;PLMN;MR3RN52 (id: 352);352;PLB_IWAIZUMIOMOTOKONARI (id: 31268);31268;PLB_IWAIZUMIOMOTOKONARI (id: 920);920;1800;657
04.14.2020 09:00:00;PLMN;MR3RN52 (id: 352);352;PLB_KUJISIMOTOKUSARI (id: 36284);36284;PLB_KUJISIMOTOKUSARI (id: 910);910;1800;474
04.14.2020 09:00:00;PLMN;MR3RN57 (id: 357);357;PLB_ESASIYONESATOGAKUMASAWA (id: 31227);31227;PLB_ESASIYONESATOGAKUMASAWA (id: 920);920;1800;744
04.14.2020 09:00:00;PLMN;MR3RN57 (id: 357);357;PLB_ESASIYONESATOGAKUMASAWA (id: 31227);31227;PLB_ESASIYONESATOGAKUMASAWA (id: 910);910;1800;744
04.14.2020 09:00:00;PLMN;RF3RN23 (id: 323);323;SENDAIHIGASIJUUBANTYOUAW (id: 45336);45336;WCEL4 (id: 4);4;1800;709
04.14.2020 09:00:00;PLMN;RF3RN24 (id: 324);324;IZUMIZAKITYUUKAKUKOUGYOUDANTI (id: 45686);45686;Izumizakityuukakukougyoudanti (id: 4);4;1800;405
04.14.2020 09:00:00;PLMN;RF3RN24 (id: 324);324;KOORIYAMAOOTUKIMATIAW (id: 43661);43661;WCEL4 (id: 4);4;1800;348
04.14.2020 09:00:00;PLMN;RF3RN24 (id: 324);324;KOORIYAMAOOTUKIMATIBW (id: 44649);44649;WCEL4 (id: 4);4;0;0
04.14.2020 09:00:00;PLMN;RF3RN24 (id: 324);324;MOTOMIYAARAIAW (id: 43623);43623;MotomiyaaraiAW (id: 4);4;1800;658
04.14.2020 09:00:00;PLMN;RF3RN24 (id: 324);324;PLB_SIRAKAWAKAYANE (id: 14612);14612;Sirakawakayane (id: 4);4;1800;1179
04.14.2020 09:00:00;PLMN;RF3RN24 (id: 324);324;PLB_SIRAKAWAKAYANE (id: 14612);14612;PLB_SIRAKAWAKAYANE (id: 910);910;1800;1179
04.14.2020 09:00:00;PLMN;RF3RN24 (id: 324);324;PLB_SIRAKAWAKAYANE (id: 14612);14612;PLB_SIRAKAWAKAYANE (id: 920);920;1800;1179
04.14.2020 09:00:00;PLMN;RF3RN24 (id: 324);324;PLB_SIRAKAWAKAYANE (id: 14612);14612;PLB_SIRAKAWAKAYANE (id: 930);930;1800;1179
04.14.2020 09:00:00;PLMN;RF3RN24 (id: 324);324;PLB_SIRAKAWAKURABEISITUKADA (id: 34649);34649;PLB_SIRAKAWAKURABEISITUKADA (id: 910);910;1800;1427
04.14.2020 09:00:00;PLMN;RF3RN24 (id: 324);324;PLB_SIRAKAWAKURABEISITUKADA (id: 34649);34649;PLB_SIRAKAWAKURABEISITUKADA (id: 930);930;1800;1427
04.14.2020 09:00:00;PLMN;RF3RN24 (id: 324);324;PLB_SIRAKAWAKURABEISITUKADA (id: 34649);34649;PLB_SIRAKAWAKURABEISITUKADA (id: 920);920;1800;1427
04.14.2020 09:00:00;PLMN;RF3RN24 (id: 324);324;PLB_SUKAGAWAOOKANBARAHIGASI (id: 31628);31628;PLB_SUKAGAWAOOKANBARAHIGASI (id: 910);910;1800;1085
04.14.2020 09:00:00;PLMN;RF3RN24 (id: 324);324;PLB_SUKAGAWAOOKANBARAHIGASI (id: 31628);31628;PLB_SUKAGAWAOOKANBARAHIGASI (id: 930);930;1800;1085
04.14.2020 09:00:00;PLMN;RF3RN24 (id: 324);324;PLB_SUKAGAWAOOKANBARAHIGASI (id: 31628);31628;PLB_SUKAGAWAOOKANBARAHIGASI (id: 920);920;1800;1085
04.14.2020 09:00:00;PLMN;RF3RN24 (id: 324);324;SIRASAWAWADA (id: 4982);4982;WCEL4 (id: 4);4;1800;644
04.14.2020 09:00:00;PLMN;RF3RN24 (id: 324);324;TAISINKUMADO (id: 40628);40628;Taisinkumado (id: 4);4;1800;344
04.14.2020 09:15:00;PLMN;MR3RN52 (id: 352);352;HATIKOUDAI (id: 1113);1113;Hatikoudai (id: 4);4;1800;318
04.14.2020 09:15:00;PLMN;MR3RN52 (id: 352);352;HATINOHEBABATYOUAW (id: 43154);43154;WCEL4 (id: 4);4;1800;427
04.14.2020 09:15:00;PLMN;MR3RN52 (id: 352);352;HATINOHENAGANAWASIRODW (id: 41172);41172;WCEL4 (id: 4);4;1800;535
04.14.2020 09:15:00;PLMN;MR3RN52 (id: 352);352;IWAIZUMITAKASUKA (id: 3224);3224;Iwaizumitakasuka (id: 4);4;1800;225
04.14.2020 09:15:00;PLMN;MR3RN52 (id: 352);352;KARUMAIHAREYAMA (id: 41203);41203;Karumaihareyama (id: 4);4;1800;285
04.14.2020 09:15:00;PLMN;MR3RN52 (id: 352);352;KAWARAGIBW (id: 40186);40186;WCEL4 (id: 4);4;0;0
04.14.2020 09:15:00;PLMN;MR3RN52 (id: 352);352;PLB_IWAIZUMIOMOTOKONARI (id: 31268);31268;PLB_IWAIZUMIOMOTOKONARI (id: 920);920;1800;706
04.14.2020 09:15:00;PLMN;MR3RN52 (id: 352);352;PLB_IWAIZUMIOMOTOKONARI (id: 31268);31268;PLB_IWAIZUMIOMOTOKONARI (id: 910);910;1800;706
04.14.2020 09:15:00;PLMN;MR3RN52 (id: 352);352;PLB_KUJISIMOTOKUSARI (id: 36284);36284;PLB_KUJISIMOTOKUSARI (id: 910);910;1800;462
04.14.2020 09:15:00;PLMN;MR3RN57 (id: 357);357;PLB_ESASIYONESATOGAKUMASAWA (id: 31227);31227;PLB_ESASIYONESATOGAKUMASAWA (id: 910);910;1800;694
04.14.2020 09:15:00;PLMN;MR3RN57 (id: 357);357;PLB_ESASIYONESATOGAKUMASAWA (id: 31227);31227;PLB_ESASIYONESATOGAKUMASAWA (id: 920);920;1800;694
04.14.2020 09:15:00;PLMN;RF3RN23 (id: 323);323;SENDAIHIGASIJUUBANTYOUAW (id: 45336);45336;WCEL4 (id: 4);4;1800;660
04.14.2020 09:15:00;PLMN;RF3RN24 (id: 324);324;IZUMIZAKITYUUKAKUKOUGYOUDANTI (id: 45686);45686;Izumizakityuukakukougyoudanti (id: 4);4;1800;335
04.14.2020 09:15:00;PLMN;RF3RN24 (id: 324);324;KOORIYAMAOOTUKIMATIAW (id: 43661);43661;WCEL4 (id: 4);4;1800;383
04.14.2020 09:15:00;PLMN;RF3RN24 (id: 324);324;KOORIYAMAOOTUKIMATIBW (id: 44649);44649;WCEL4 (id: 4);4;0;0
04.14.2020 09:15:00;PLMN;RF3RN24 (id: 324);324;MOTOMIYAARAIAW (id: 43623);43623;MotomiyaaraiAW (id: 4);4;1800;611
04.14.2020 09:15:00;PLMN;RF3RN24 (id: 324);324;PLB_SIRAKAWAKAYANE (id: 14612);14612;Sirakawakayane (id: 4);4;1800;1171
04.14.2020 09:15:00;PLMN;RF3RN24 (id: 324);324;PLB_SIRAKAWAKAYANE (id: 14612);14612;PLB_SIRAKAWAKAYANE (id: 930);930;1800;1171
04.14.2020 09:15:00;PLMN;RF3RN24 (id: 324);324;PLB_SIRAKAWAKAYANE (id: 14612);14612;PLB_SIRAKAWAKAYANE (id: 920);920;1800;1171
04.14.2020 09:15:00;PLMN;RF3RN24 (id: 324);324;PLB_SIRAKAWAKAYANE (id: 14612);14612;PLB_SIRAKAWAKAYANE (id: 910);910;1800;1171
04.14.2020 09:15:00;PLMN;RF3RN24 (id: 324);324;PLB_SIRAKAWAKURABEISITUKADA (id: 34649);34649;PLB_SIRAKAWAKURABEISITUKADA (id: 910);910;1800;1293
04.14.2020 09:15:00;PLMN;RF3RN24 (id: 324);324;PLB_SIRAKAWAKURABEISITUKADA (id: 34649);34649;PLB_SIRAKAWAKURABEISITUKADA (id: 920);920;1800;1293
04.14.2020 09:15:00;PLMN;RF3RN24 (id: 324);324;PLB_SIRAKAWAKURABEISITUKADA (id: 34649);34649;PLB_SIRAKAWAKURABEISITUKADA (id: 930);930;1800;1293
04.14.2020 09:15:00;PLMN;RF3RN24 (id: 324);324;PLB_SUKAGAWAOOKANBARAHIGASI (id: 31628);31628;PLB_SUKAGAWAOOKANBARAHIGASI (id: 930);930;1800;925
04.14.2020 09:15:00;PLMN;RF3RN24 (id: 324);324;PLB_SUKAGAWAOOKANBARAHIGASI (id: 31628);31628;PLB_SUKAGAWAOOKANBARAHIGASI (id: 910);910;1800;925
04.14.2020 09:15:00;PLMN;RF3RN24 (id: 324);324;PLB_SUKAGAWAOOKANBARAHIGASI (id: 31628);31628;PLB_SUKAGAWAOOKANBARAHIGASI (id: 920);920;1800;925
04.14.2020 09:15:00;PLMN;RF3RN24 (id: 324);324;SIRASAWAWADA (id: 4982);4982;WCEL4 (id: 4);4;1800;651
04.14.2020 09:15:00;PLMN;RF3RN24 (id: 324);324;TAISINKUMADO (id: 40628);40628;Taisinkumado (id: 4);4;1800;339
04.14.2020 09:30:00;PLMN;MR3RN52 (id: 352);352;HATIKOUDAI (id: 1113);1113;Hatikoudai (id: 4);4;1800;314
04.14.2020 09:30:00;PLMN;MR3RN52 (id: 352);352;HATINOHEBABATYOUAW (id: 43154);43154;WCEL4 (id: 4);4;1800;492
04.14.2020 09:30:00;PLMN;MR3RN52 (id: 352);352;HATINOHENAGANAWASIRODW (id: 41172);41172;WCEL4 (id: 4);4;1800;584
04.14.2020 09:30:00;PLMN;MR3RN52 (id: 352);352;IWAIZUMITAKASUKA (id: 3224);3224;Iwaizumitakasuka (id: 4);4;1800;225
04.14.2020 09:30:00;PLMN;MR3RN52 (id: 352);352;KARUMAIHAREYAMA (id: 41203);41203;Karumaihareyama (id: 4);4;1800;284
04.14.2020 09:30:00;PLMN;MR3RN52 (id: 352);352;KAWARAGIBW (id: 40186);40186;WCEL4 (id: 4);4;0;0
04.14.2020 09:30:00;PLMN;MR3RN52 (id: 352);352;PLB_IWAIZUMIOMOTOKONARI (id: 31268);31268;PLB_IWAIZUMIOMOTOKONARI (id: 920);920;1800;659
04.14.2020 09:30:00;PLMN;MR3RN52 (id: 352);352;PLB_IWAIZUMIOMOTOKONARI (id: 31268);31268;PLB_IWAIZUMIOMOTOKONARI (id: 910);910;1800;659
04.14.2020 09:30:00;PLMN;MR3RN52 (id: 352);352;PLB_KUJISIMOTOKUSARI (id: 36284);36284;PLB_KUJISIMOTOKUSARI (id: 910);910;1800;457
04.14.2020 09:30:00;PLMN;MR3RN57 (id: 357);357;PLB_ESASIYONESATOGAKUMASAWA (id: 31227);31227;PLB_ESASIYONESATOGAKUMASAWA (id: 920);920;1800;714
04.14.2020 09:30:00;PLMN;MR3RN57 (id: 357);357;PLB_ESASIYONESATOGAKUMASAWA (id: 31227);31227;PLB_ESASIYONESATOGAKUMASAWA (id: 910);910;1800;714
04.14.2020 09:30:00;PLMN;RF3RN23 (id: 323);323;SENDAIHIGASIJUUBANTYOUAW (id: 45336);45336;WCEL4 (id: 4);4;1800;640
04.14.2020 09:30:00;PLMN;RF3RN24 (id: 324);324;IZUMIZAKITYUUKAKUKOUGYOUDANTI (id: 45686);45686;Izumizakityuukakukougyoudanti (id: 4);4;1800;353
04.14.2020 09:30:00;PLMN;RF3RN24 (id: 324);324;KOORIYAMAOOTUKIMATIAW (id: 43661);43661;WCEL4 (id: 4);4;1800;350
04.14.2020 09:30:00;PLMN;RF3RN24 (id: 324);324;KOORIYAMAOOTUKIMATIBW (id: 44649);44649;WCEL4 (id: 4);4;0;0
04.14.2020 09:30:00;PLMN;RF3RN24 (id: 324);324;MOTOMIYAARAIAW (id: 43623);43623;MotomiyaaraiAW (id: 4);4;1800;681
04.14.2020 09:30:00;PLMN;RF3RN24 (id: 324);324;PLB_SIRAKAWAKAYANE (id: 14612);14612;PLB_SIRAKAWAKAYANE (id: 910);910;1800;1205
04.14.2020 09:30:00;PLMN;RF3RN24 (id: 324);324;PLB_SIRAKAWAKAYANE (id: 14612);14612;Sirakawakayane (id: 4);4;1800;1205
04.14.2020 09:30:00;PLMN;RF3RN24 (id: 324);324;PLB_SIRAKAWAKAYANE (id: 14612);14612;PLB_SIRAKAWAKAYANE (id: 930);930;1800;1205
04.14.2020 09:30:00;PLMN;RF3RN24 (id: 324);324;PLB_SIRAKAWAKAYANE (id: 14612);14612;PLB_SIRAKAWAKAYANE (id: 920);920;1800;1205
04.14.2020 09:30:00;PLMN;RF3RN24 (id: 324);324;PLB_SIRAKAWAKURABEISITUKADA (id: 34649);34649;PLB_SIRAKAWAKURABEISITUKADA (id: 920);920;1800;1345
04.14.2020 09:30:00;PLMN;RF3RN24 (id: 324);324;PLB_SIRAKAWAKURABEISITUKADA (id: 34649);34649;PLB_SIRAKAWAKURABEISITUKADA (id: 910);910;1800;1345
04.14.2020 09:30:00;PLMN;RF3RN24 (id: 324);324;PLB_SIRAKAWAKURABEISITUKADA (id: 34649);34649;PLB_SIRAKAWAKURABEISITUKADA (id: 930);930;1800;1345
04.14.2020 09:30:00;PLMN;RF3RN24 (id: 324);324;PLB_SUKAGAWAOOKANBARAHIGASI (id: 31628);31628;PLB_SUKAGAWAOOKANBARAHIGASI (id: 910);910;1800;954
04.14.2020 09:30:00;PLMN;RF3RN24 (id: 324);324;PLB_SUKAGAWAOOKANBARAHIGASI (id: 31628);31628;PLB_SUKAGAWAOOKANBARAHIGASI (id: 920);920;1800;954
04.14.2020 09:30:00;PLMN;RF3RN24 (id: 324);324;PLB_SUKAGAWAOOKANBARAHIGASI (id: 31628);31628;PLB_SUKAGAWAOOKANBARAHIGASI (id: 930);930;1800;954
04.14.2020 09:30:00;PLMN;RF3RN24 (id: 324);324;SIRASAWAWADA (id: 4982);4982;WCEL4 (id: 4);4;1800;671
04.14.2020 09:30:00;PLMN;RF3RN24 (id: 324);324;TAISINKUMADO (id: 40628);40628;Taisinkumado (id: 4);4;1800;347
04.14.2020 09:45:00;PLMN;MR3RN52 (id: 352);352;HATIKOUDAI (id: 1113);1113;Hatikoudai (id: 4);4;1800;302
04.14.2020 09:45:00;PLMN;MR3RN52 (id: 352);352;HATINOHEBABATYOUAW (id: 43154);43154;WCEL4 (id: 4);4;1800;574
04.14.2020 09:45:00;PLMN;MR3RN52 (id: 352);352;HATINOHENAGANAWASIRODW (id: 41172);41172;WCEL4 (id: 4);4;1800;550
04.14.2020 09:45:00;PLMN;MR3RN52 (id: 352);352;IWAIZUMITAKASUKA (id: 3224);3224;Iwaizumitakasuka (id: 4);4;1800;225
04.14.2020 09:45:00;PLMN;MR3RN52 (id: 352);352;KARUMAIHAREYAMA (id: 41203);41203;Karumaihareyama (id: 4);4;1800;271
04.14.2020 09:45:00;PLMN;MR3RN52 (id: 352);352;KAWARAGIBW (id: 40186);40186;WCEL4 (id: 4);4;0;0
04.14.2020 09:45:00;PLMN;MR3RN52 (id: 352);352;PLB_IWAIZUMIOMOTOKONARI (id: 31268);31268;PLB_IWAIZUMIOMOTOKONARI (id: 920);920;1800;648
04.14.2020 09:45:00;PLMN;MR3RN52 (id: 352);352;PLB_IWAIZUMIOMOTOKONARI (id: 31268);31268;PLB_IWAIZUMIOMOTOKONARI (id: 910);910;1800;648
04.14.2020 09:45:00;PLMN;MR3RN52 (id: 352);352;PLB_KUJISIMOTOKUSARI (id: 36284);36284;PLB_KUJISIMOTOKUSARI (id: 910);910;1800;474
04.14.2020 09:45:00;PLMN;MR3RN57 (id: 357);357;PLB_ESASIYONESATOGAKUMASAWA (id: 31227);31227;PLB_ESASIYONESATOGAKUMASAWA (id: 910);910;1800;666
04.14.2020 09:45:00;PLMN;MR3RN57 (id: 357);357;PLB_ESASIYONESATOGAKUMASAWA (id: 31227);31227;PLB_ESASIYONESATOGAKUMASAWA (id: 920);920;1800;666
04.14.2020 09:45:00;PLMN;RF3RN23 (id: 323);323;SENDAIHIGASIJUUBANTYOUAW (id: 45336);45336;WCEL4 (id: 4);4;1800;664
04.14.2020 09:45:00;PLMN;RF3RN24 (id: 324);324;IZUMIZAKITYUUKAKUKOUGYOUDANTI (id: 45686);45686;Izumizakityuukakukougyoudanti (id: 4);4;1800;323
04.14.2020 09:45:00;PLMN;RF3RN24 (id: 324);324;KOORIYAMAOOTUKIMATIAW (id: 43661);43661;WCEL4 (id: 4);4;1800;334
04.14.2020 09:45:00;PLMN;RF3RN24 (id: 324);324;KOORIYAMAOOTUKIMATIBW (id: 44649);44649;WCEL4 (id: 4);4;0;0
04.14.2020 09:45:00;PLMN;RF3RN24 (id: 324);324;MOTOMIYAARAIAW (id: 43623);43623;MotomiyaaraiAW (id: 4);4;1800;692
04.14.2020 09:45:00;PLMN;RF3RN24 (id: 324);324;PLB_SIRAKAWAKAYANE (id: 14612);14612;PLB_SIRAKAWAKAYANE (id: 920);920;1800;1105
04.14.2020 09:45:00;PLMN;RF3RN24 (id: 324);324;PLB_SIRAKAWAKAYANE (id: 14612);14612;PLB_SIRAKAWAKAYANE (id: 910);910;1800;1105
04.14.2020 09:45:00;PLMN;RF3RN24 (id: 324);324;PLB_SIRAKAWAKAYANE (id: 14612);14612;Sirakawakayane (id: 4);4;1800;1105
04.14.2020 09:45:00;PLMN;RF3RN24 (id: 324);324;PLB_SIRAKAWAKAYANE (id: 14612);14612;PLB_SIRAKAWAKAYANE (id: 930);930;1800;1105
04.14.2020 09:45:00;PLMN;RF3RN24 (id: 324);324;PLB_SIRAKAWAKURABEISITUKADA (id: 34649);34649;PLB_SIRAKAWAKURABEISITUKADA (id: 910);910;1800;1425
04.14.2020 09:45:00;PLMN;RF3RN24 (id: 324);324;PLB_SIRAKAWAKURABEISITUKADA (id: 34649);34649;PLB_SIRAKAWAKURABEISITUKADA (id: 930);930;1800;1425
04.14.2020 09:45:00;PLMN;RF3RN24 (id: 324);324;PLB_SIRAKAWAKURABEISITUKADA (id: 34649);34649;PLB_SIRAKAWAKURABEISITUKADA (id: 920);920;1800;1425
04.14.2020 09:45:00;PLMN;RF3RN24 (id: 324);324;PLB_SUKAGAWAOOKANBARAHIGASI (id: 31628);31628;PLB_SUKAGAWAOOKANBARAHIGASI (id: 920);920;1800;987
04.14.2020 09:45:00;PLMN;RF3RN24 (id: 324);324;PLB_SUKAGAWAOOKANBARAHIGASI (id: 31628);31628;PLB_SUKAGAWAOOKANBARAHIGASI (id: 930);930;1800;987
04.14.2020 09:45:00;PLMN;RF3RN24 (id: 324);324;PLB_SUKAGAWAOOKANBARAHIGASI (id: 31628);31628;PLB_SUKAGAWAOOKANBARAHIGASI (id: 910);910;1800;987
04.14.2020 09:45:00;PLMN;RF3RN24 (id: 324);324;SIRASAWAWADA (id: 4982);4982;WCEL4 (id: 4);4;1800;708
04.14.2020 09:45:00;PLMN;RF3RN24 (id: 324);324;TAISINKUMADO (id: 40628);40628;Taisinkumado (id: 4);4;1800;329
04.14.2020 10:00:00;PLMN;MR3RN52 (id: 352);352;HATIKOUDAI (id: 1113);1113;Hatikoudai (id: 4);4;1800;324
04.14.2020 10:00:00;PLMN;MR3RN52 (id: 352);352;HATINOHEBABATYOUAW (id: 43154);43154;WCEL4 (id: 4);4;1800;594
04.14.2020 10:00:00;PLMN;MR3RN52 (id: 352);352;HATINOHENAGANAWASIRODW (id: 41172);41172;WCEL4 (id: 4);4;1800;558
04.14.2020 10:00:00;PLMN;MR3RN52 (id: 352);352;IWAIZUMITAKASUKA (id: 3224);3224;Iwaizumitakasuka (id: 4);4;1800;225
04.14.2020 10:00:00;PLMN;MR3RN52 (id: 352);352;KARUMAIHAREYAMA (id: 41203);41203;Karumaihareyama (id: 4);4;1800;280
04.14.2020 10:00:00;PLMN;MR3RN52 (id: 352);352;KAWARAGIBW (id: 40186);40186;WCEL4 (id: 4);4;0;0
04.14.2020 10:00:00;PLMN;MR3RN52 (id: 352);352;PLB_IWAIZUMIOMOTOKONARI (id: 31268);31268;PLB_IWAIZUMIOMOTOKONARI (id: 920);920;1800;785
04.14.2020 10:00:00;PLMN;MR3RN52 (id: 352);352;PLB_IWAIZUMIOMOTOKONARI (id: 31268);31268;PLB_IWAIZUMIOMOTOKONARI (id: 910);910;1800;785
04.14.2020 10:00:00;PLMN;MR3RN52 (id: 352);352;PLB_KUJISIMOTOKUSARI (id: 36284);36284;PLB_KUJISIMOTOKUSARI (id: 910);910;1800;466
04.14.2020 10:00:00;PLMN;MR3RN57 (id: 357);357;PLB_ESASIYONESATOGAKUMASAWA (id: 31227);31227;PLB_ESASIYONESATOGAKUMASAWA (id: 910);910;1800;717
04.14.2020 10:00:00;PLMN;MR3RN57 (id: 357);357;PLB_ESASIYONESATOGAKUMASAWA (id: 31227);31227;PLB_ESASIYONESATOGAKUMASAWA (id: 920);920;1800;717
04.14.2020 10:00:00;PLMN;RF3RN23 (id: 323);323;SENDAIHIGASIJUUBANTYOUAW (id: 45336);45336;WCEL4 (id: 4);4;1800;673
04.14.2020 10:00:00;PLMN;RF3RN24 (id: 324);324;IZUMIZAKITYUUKAKUKOUGYOUDANTI (id: 45686);45686;Izumizakityuukakukougyoudanti (id: 4);4;1800;372
04.14.2020 10:00:00;PLMN;RF3RN24 (id: 324);324;KOORIYAMAOOTUKIMATIAW (id: 43661);43661;WCEL4 (id: 4);4;1800;340
04.14.2020 10:00:00;PLMN;RF3RN24 (id: 324);324;KOORIYAMAOOTUKIMATIBW (id: 44649);44649;WCEL4 (id: 4);4;0;0
04.14.2020 10:00:00;PLMN;RF3RN24 (id: 324);324;MOTOMIYAARAIAW (id: 43623);43623;MotomiyaaraiAW (id: 4);4;1800;673
04.14.2020 10:00:00;PLMN;RF3RN24 (id: 324);324;PLB_SIRAKAWAKAYANE (id: 14612);14612;PLB_SIRAKAWAKAYANE (id: 920);920;1800;1203
04.14.2020 10:00:00;PLMN;RF3RN24 (id: 324);324;PLB_SIRAKAWAKAYANE (id: 14612);14612;PLB_SIRAKAWAKAYANE (id: 930);930;1800;1203
04.14.2020 10:00:00;PLMN;RF3RN24 (id: 324);324;PLB_SIRAKAWAKAYANE (id: 14612);14612;Sirakawakayane (id: 4);4;1800;1203
04.14.2020 10:00:00;PLMN;RF3RN24 (id: 324);324;PLB_SIRAKAWAKAYANE (id: 14612);14612;PLB_SIRAKAWAKAYANE (id: 910);910;1800;1203
04.14.2020 10:00:00;PLMN;RF3RN24 (id: 324);324;PLB_SIRAKAWAKURABEISITUKADA (id: 34649);34649;PLB_SIRAKAWAKURABEISITUKADA (id: 910);910;1800;1783
04.14.2020 10:00:00;PLMN;RF3RN24 (id: 324);324;PLB_SIRAKAWAKURABEISITUKADA (id: 34649);34649;PLB_SIRAKAWAKURABEISITUKADA (id: 930);930;1800;1783
04.14.2020 10:00:00;PLMN;RF3RN24 (id: 324);324;PLB_SIRAKAWAKURABEISITUKADA (id: 34649);34649;PLB_SIRAKAWAKURABEISITUKADA (id: 920);920;1800;1783
04.14.2020 10:00:00;PLMN;RF3RN24 (id: 324);324;PLB_SUKAGAWAOOKANBARAHIGASI (id: 31628);31628;PLB_SUKAGAWAOOKANBARAHIGASI (id: 930);930;1800;1007
04.14.2020 10:00:00;PLMN;RF3RN24 (id: 324);324;PLB_SUKAGAWAOOKANBARAHIGASI (id: 31628);31628;PLB_SUKAGAWAOOKANBARAHIGASI (id: 920);920;1800;1007
04.14.2020 10:00:00;PLMN;RF3RN24 (id: 324);324;PLB_SUKAGAWAOOKANBARAHIGASI (id: 31628);31628;PLB_SUKAGAWAOOKANBARAHIGASI (id: 910);910;1800;1007
04.14.2020 10:00:00;PLMN;RF3RN24 (id: 324);324;SIRASAWAWADA (id: 4982);4982;WCEL4 (id: 4);4;1800;680
04.14.2020 10:00:00;PLMN;RF3RN24 (id: 324);324;TAISINKUMADO (id: 40628);40628;Taisinkumado (id: 4);4;1800;321
04.14.2020 10:15:00;PLMN;MR3RN52 (id: 352);352;HATIKOUDAI (id: 1113);1113;Hatikoudai (id: 4);4;1800;377
04.14.2020 10:15:00;PLMN;MR3RN52 (id: 352);352;HATINOHEBABATYOUAW (id: 43154);43154;WCEL4 (id: 4);4;1800;575
04.14.2020 10:15:00;PLMN;MR3RN52 (id: 352);352;HATINOHENAGANAWASIRODW (id: 41172);41172;WCEL4 (id: 4);4;1800;519
04.14.2020 10:15:00;PLMN;MR3RN52 (id: 352);352;IWAIZUMITAKASUKA (id: 3224);3224;Iwaizumitakasuka (id: 4);4;1800;225
04.14.2020 10:15:00;PLMN;MR3RN52 (id: 352);352;KARUMAIHAREYAMA (id: 41203);41203;Karumaihareyama (id: 4);4;1800;280
04.14.2020 10:15:00;PLMN;MR3RN52 (id: 352);352;KAWARAGIBW (id: 40186);40186;WCEL4 (id: 4);4;0;0
04.14.2020 10:15:00;PLMN;MR3RN52 (id: 352);352;PLB_IWAIZUMIOMOTOKONARI (id: 31268);31268;PLB_IWAIZUMIOMOTOKONARI (id: 910);910;1800;684
04.14.2020 10:15:00;PLMN;MR3RN52 (id: 352);352;PLB_IWAIZUMIOMOTOKONARI (id: 31268);31268;PLB_IWAIZUMIOMOTOKONARI (id: 920);920;1800;684
04.14.2020 10:15:00;PLMN;MR3RN52 (id: 352);352;PLB_KUJISIMOTOKUSARI (id: 36284);36284;PLB_KUJISIMOTOKUSARI (id: 910);910;1800;493
04.14.2020 10:15:00;PLMN;MR3RN57 (id: 357);357;PLB_ESASIYONESATOGAKUMASAWA (id: 31227);31227;PLB_ESASIYONESATOGAKUMASAWA (id: 920);920;1800;657
04.14.2020 10:15:00;PLMN;MR3RN57 (id: 357);357;PLB_ESASIYONESATOGAKUMASAWA (id: 31227);31227;PLB_ESASIYONESATOGAKUMASAWA (id: 910);910;1800;657
04.14.2020 10:15:00;PLMN;RF3RN23 (id: 323);323;SENDAIHIGASIJUUBANTYOUAW (id: 45336);45336;WCEL4 (id: 4);4;1800;642
04.14.2020 10:15:00;PLMN;RF3RN24 (id: 324);324;IZUMIZAKITYUUKAKUKOUGYOUDANTI (id: 45686);45686;Izumizakityuukakukougyoudanti (id: 4);4;1800;357
04.14.2020 10:15:00;PLMN;RF3RN24 (id: 324);324;KOORIYAMAOOTUKIMATIAW (id: 43661);43661;WCEL4 (id: 4);4;1800;357
04.14.2020 10:15:00;PLMN;RF3RN24 (id: 324);324;KOORIYAMAOOTUKIMATIBW (id: 44649);44649;WCEL4 (id: 4);4;0;0
04.14.2020 10:15:00;PLMN;RF3RN24 (id: 324);324;MOTOMIYAARAIAW (id: 43623);43623;MotomiyaaraiAW (id: 4);4;1800;649
04.14.2020 10:15:00;PLMN;RF3RN24 (id: 324);324;PLB_SIRAKAWAKAYANE (id: 14612);14612;PLB_SIRAKAWAKAYANE (id: 920);920;1800;1152
04.14.2020 10:15:00;PLMN;RF3RN24 (id: 324);324;PLB_SIRAKAWAKAYANE (id: 14612);14612;PLB_SIRAKAWAKAYANE (id: 910);910;1800;1152
04.14.2020 10:15:00;PLMN;RF3RN24 (id: 324);324;PLB_SIRAKAWAKAYANE (id: 14612);14612;Sirakawakayane (id: 4);4;1800;1152
04.14.2020 10:15:00;PLMN;RF3RN24 (id: 324);324;PLB_SIRAKAWAKAYANE (id: 14612);14612;PLB_SIRAKAWAKAYANE (id: 930);930;1800;1152
04.14.2020 10:15:00;PLMN;RF3RN24 (id: 324);324;PLB_SIRAKAWAKURABEISITUKADA (id: 34649);34649;PLB_SIRAKAWAKURABEISITUKADA (id: 930);930;1800;1356
04.14.2020 10:15:00;PLMN;RF3RN24 (id: 324);324;PLB_SIRAKAWAKURABEISITUKADA (id: 34649);34649;PLB_SIRAKAWAKURABEISITUKADA (id: 910);910;1800;1356
04.14.2020 10:15:00;PLMN;RF3RN24 (id: 324);324;PLB_SIRAKAWAKURABEISITUKADA (id: 34649);34649;PLB_SIRAKAWAKURABEISITUKADA (id: 920);920;1800;1356
04.14.2020 10:15:00;PLMN;RF3RN24 (id: 324);324;PLB_SUKAGAWAOOKANBARAHIGASI (id: 31628);31628;PLB_SUKAGAWAOOKANBARAHIGASI (id: 920);920;1800;1021
04.14.2020 10:15:00;PLMN;RF3RN24 (id: 324);324;PLB_SUKAGAWAOOKANBARAHIGASI (id: 31628);31628;PLB_SUKAGAWAOOKANBARAHIGASI (id: 930);930;1800;1021
04.14.2020 10:15:00;PLMN;RF3RN24 (id: 324);324;PLB_SUKAGAWAOOKANBARAHIGASI (id: 31628);31628;PLB_SUKAGAWAOOKANBARAHIGASI (id: 910);910;1800;1021
04.14.2020 10:15:00;PLMN;RF3RN24 (id: 324);324;SIRASAWAWADA (id: 4982);4982;WCEL4 (id: 4);4;1800;645
04.14.2020 10:15:00;PLMN;RF3RN24 (id: 324);324;TAISINKUMADO (id: 40628);40628;Taisinkumado (id: 4);4;1800;322
04.14.2020 10:30:00;PLMN;MR3RN52 (id: 352);352;HATIKOUDAI (id: 1113);1113;Hatikoudai (id: 4);4;1800;373
04.14.2020 10:30:00;PLMN;MR3RN52 (id: 352);352;HATINOHEBABATYOUAW (id: 43154);43154;WCEL4 (id: 4);4;1800;611
04.14.2020 10:30:00;PLMN;MR3RN52 (id: 352);352;HATINOHENAGANAWASIRODW (id: 41172);41172;WCEL4 (id: 4);4;1800;616
04.14.2020 10:30:00;PLMN;MR3RN52 (id: 352);352;IWAIZUMITAKASUKA (id: 3224);3224;Iwaizumitakasuka (id: 4);4;1800;225
04.14.2020 10:30:00;PLMN;MR3RN52 (id: 352);352;KARUMAIHAREYAMA (id: 41203);41203;Karumaihareyama (id: 4);4;1800;280
04.14.2020 10:30:00;PLMN;MR3RN52 (id: 352);352;KAWARAGIBW (id: 40186);40186;WCEL4 (id: 4);4;0;0
04.14.2020 10:30:00;PLMN;MR3RN52 (id: 352);352;PLB_IWAIZUMIOMOTOKONARI (id: 31268);31268;PLB_IWAIZUMIOMOTOKONARI (id: 910);910;1800;659
04.14.2020 10:30:00;PLMN;MR3RN52 (id: 352);352;PLB_IWAIZUMIOMOTOKONARI (id: 31268);31268;PLB_IWAIZUMIOMOTOKONARI (id: 920);920;1800;659
04.14.2020 10:30:00;PLMN;MR3RN52 (id: 352);352;PLB_KUJISIMOTOKUSARI (id: 36284);36284;PLB_KUJISIMOTOKUSARI (id: 910);910;1800;456
04.14.2020 10:30:00;PLMN;MR3RN57 (id: 357);357;PLB_ESASIYONESATOGAKUMASAWA (id: 31227);31227;PLB_ESASIYONESATOGAKUMASAWA (id: 920);920;1800;648
04.14.2020 10:30:00;PLMN;MR3RN57 (id: 357);357;PLB_ESASIYONESATOGAKUMASAWA (id: 31227);31227;PLB_ESASIYONESATOGAKUMASAWA (id: 910);910;1800;648
04.14.2020 10:30:00;PLMN;RF3RN23 (id: 323);323;SENDAIHIGASIJUUBANTYOUAW (id: 45336);45336;WCEL4 (id: 4);4;1800;791
04.14.2020 10:30:00;PLMN;RF3RN24 (id: 324);324;IZUMIZAKITYUUKAKUKOUGYOUDANTI (id: 45686);45686;Izumizakityuukakukougyoudanti (id: 4);4;1800;317
04.14.2020 10:30:00;PLMN;RF3RN24 (id: 324);324;KOORIYAMAOOTUKIMATIAW (id: 43661);43661;WCEL4 (id: 4);4;1800;331
04.14.2020 10:30:00;PLMN;RF3RN24 (id: 324);324;KOORIYAMAOOTUKIMATIBW (id: 44649);44649;WCEL4 (id: 4);4;0;0
04.14.2020 10:30:00;PLMN;RF3RN24 (id: 324);324;MOTOMIYAARAIAW (id: 43623);43623;MotomiyaaraiAW (id: 4);4;1800;577
04.14.2020 10:30:00;PLMN;RF3RN24 (id: 324);324;PLB_SIRAKAWAKAYANE (id: 14612);14612;PLB_SIRAKAWAKAYANE (id: 910);910;1800;1175
04.14.2020 10:30:00;PLMN;RF3RN24 (id: 324);324;PLB_SIRAKAWAKAYANE (id: 14612);14612;PLB_SIRAKAWAKAYANE (id: 920);920;1800;1175
04.14.2020 10:30:00;PLMN;RF3RN24 (id: 324);324;PLB_SIRAKAWAKAYANE (id: 14612);14612;PLB_SIRAKAWAKAYANE (id: 930);930;1800;1175
04.14.2020 10:30:00;PLMN;RF3RN24 (id: 324);324;PLB_SIRAKAWAKAYANE (id: 14612);14612;Sirakawakayane (id: 4);4;1800;1175
04.14.2020 10:30:00;PLMN;RF3RN24 (id: 324);324;PLB_SIRAKAWAKURABEISITUKADA (id: 34649);34649;PLB_SIRAKAWAKURABEISITUKADA (id: 930);930;1800;1292
04.14.2020 10:30:00;PLMN;RF3RN24 (id: 324);324;PLB_SIRAKAWAKURABEISITUKADA (id: 34649);34649;PLB_SIRAKAWAKURABEISITUKADA (id: 920);920;1800;1292
04.14.2020 10:30:00;PLMN;RF3RN24 (id: 324);324;PLB_SIRAKAWAKURABEISITUKADA (id: 34649);34649;PLB_SIRAKAWAKURABEISITUKADA (id: 910);910;1800;1292
04.14.2020 10:30:00;PLMN;RF3RN24 (id: 324);324;PLB_SUKAGAWAOOKANBARAHIGASI (id: 31628);31628;PLB_SUKAGAWAOOKANBARAHIGASI (id: 910);910;1800;987
04.14.2020 10:30:00;PLMN;RF3RN24 (id: 324);324;PLB_SUKAGAWAOOKANBARAHIGASI (id: 31628);31628;PLB_SUKAGAWAOOKANBARAHIGASI (id: 920);920;1800;987
04.14.2020 10:30:00;PLMN;RF3RN24 (id: 324);324;PLB_SUKAGAWAOOKANBARAHIGASI (id: 31628);31628;PLB_SUKAGAWAOOKANBARAHIGASI (id: 930);930;1800;987
04.14.2020 10:30:00;PLMN;RF3RN24 (id: 324);324;SIRASAWAWADA (id: 4982);4982;WCEL4 (id: 4);4;1800;651
04.14.2020 10:30:00;PLMN;RF3RN24 (id: 324);324;TAISINKUMADO (id: 40628);40628;Taisinkumado (id: 4);4;1800;330
04.14.2020 10:45:00;PLMN;MR3RN52 (id: 352);352;HATIKOUDAI (id: 1113);1113;Hatikoudai (id: 4);4;1800;375
04.14.2020 10:45:00;PLMN;MR3RN52 (id: 352);352;HATINOHEBABATYOUAW (id: 43154);43154;WCEL4 (id: 4);4;1800;572
04.14.2020 10:45:00;PLMN;MR3RN52 (id: 352);352;HATINOHENAGANAWASIRODW (id: 41172);41172;WCEL4 (id: 4);4;1800;620
04.14.2020 10:45:00;PLMN;MR3RN52 (id: 352);352;IWAIZUMITAKASUKA (id: 3224);3224;Iwaizumitakasuka (id: 4);4;1800;225
04.14.2020 10:45:00;PLMN;MR3RN52 (id: 352);352;KARUMAIHAREYAMA (id: 41203);41203;Karumaihareyama (id: 4);4;1800;297
04.14.2020 10:45:00;PLMN;MR3RN52 (id: 352);352;KAWARAGIBW (id: 40186);40186;WCEL4 (id: 4);4;0;0
04.14.2020 10:45:00;PLMN;MR3RN52 (id: 352);352;PLB_IWAIZUMIOMOTOKONARI (id: 31268);31268;PLB_IWAIZUMIOMOTOKONARI (id: 920);920;1800;780
04.14.2020 10:45:00;PLMN;MR3RN52 (id: 352);352;PLB_IWAIZUMIOMOTOKONARI (id: 31268);31268;PLB_IWAIZUMIOMOTOKONARI (id: 910);910;1800;780
04.14.2020 10:45:00;PLMN;MR3RN52 (id: 352);352;PLB_KUJISIMOTOKUSARI (id: 36284);36284;PLB_KUJISIMOTOKUSARI (id: 910);910;1800;439
04.14.2020 10:45:00;PLMN;MR3RN57 (id: 357);357;PLB_ESASIYONESATOGAKUMASAWA (id: 31227);31227;PLB_ESASIYONESATOGAKUMASAWA (id: 920);920;1800;630
04.14.2020 10:45:00;PLMN;MR3RN57 (id: 357);357;PLB_ESASIYONESATOGAKUMASAWA (id: 31227);31227;PLB_ESASIYONESATOGAKUMASAWA (id: 910);910;1800;630
04.14.2020 10:45:00;PLMN;RF3RN23 (id: 323);323;SENDAIHIGASIJUUBANTYOUAW (id: 45336);45336;WCEL4 (id: 4);4;1800;570
04.14.2020 10:45:00;PLMN;RF3RN24 (id: 324);324;IZUMIZAKITYUUKAKUKOUGYOUDANTI (id: 45686);45686;Izumizakityuukakukougyoudanti (id: 4);4;1800;441
04.14.2020 10:45:00;PLMN;RF3RN24 (id: 324);324;KOORIYAMAOOTUKIMATIAW (id: 43661);43661;WCEL4 (id: 4);4;1800;347
04.14.2020 10:45:00;PLMN;RF3RN24 (id: 324);324;KOORIYAMAOOTUKIMATIBW (id: 44649);44649;WCEL4 (id: 4);4;0;0
04.14.2020 10:45:00;PLMN;RF3RN24 (id: 324);324;MOTOMIYAARAIAW (id: 43623);43623;MotomiyaaraiAW (id: 4);4;1800;609
04.14.2020 10:45:00;PLMN;RF3RN24 (id: 324);324;PLB_SIRAKAWAKAYANE (id: 14612);14612;PLB_SIRAKAWAKAYANE (id: 920);920;1800;1205
04.14.2020 10:45:00;PLMN;RF3RN24 (id: 324);324;PLB_SIRAKAWAKAYANE (id: 14612);14612;PLB_SIRAKAWAKAYANE (id: 930);930;1800;1205
04.14.2020 10:45:00;PLMN;RF3RN24 (id: 324);324;PLB_SIRAKAWAKAYANE (id: 14612);14612;PLB_SIRAKAWAKAYANE (id: 910);910;1800;1205
04.14.2020 10:45:00;PLMN;RF3RN24 (id: 324);324;PLB_SIRAKAWAKAYANE (id: 14612);14612;Sirakawakayane (id: 4);4;1800;1205
04.14.2020 10:45:00;PLMN;RF3RN24 (id: 324);324;PLB_SIRAKAWAKURABEISITUKADA (id: 34649);34649;PLB_SIRAKAWAKURABEISITUKADA (id: 930);930;1800;1400
04.14.2020 10:45:00;PLMN;RF3RN24 (id: 324);324;PLB_SIRAKAWAKURABEISITUKADA (id: 34649);34649;PLB_SIRAKAWAKURABEISITUKADA (id: 910);910;1800;1400
04.14.2020 10:45:00;PLMN;RF3RN24 (id: 324);324;PLB_SIRAKAWAKURABEISITUKADA (id: 34649);34649;PLB_SIRAKAWAKURABEISITUKADA (id: 920);920;1800;1400
04.14.2020 10:45:00;PLMN;RF3RN24 (id: 324);324;PLB_SUKAGAWAOOKANBARAHIGASI (id: 31628);31628;PLB_SUKAGAWAOOKANBARAHIGASI (id: 910);910;1800;946
04.14.2020 10:45:00;PLMN;RF3RN24 (id: 324);324;PLB_SUKAGAWAOOKANBARAHIGASI (id: 31628);31628;PLB_SUKAGAWAOOKANBARAHIGASI (id: 930);930;1800;946
04.14.2020 10:45:00;PLMN;RF3RN24 (id: 324);324;PLB_SUKAGAWAOOKANBARAHIGASI (id: 31628);31628;PLB_SUKAGAWAOOKANBARAHIGASI (id: 920);920;1800;946
04.14.2020 10:45:00;PLMN;RF3RN24 (id: 324);324;SIRASAWAWADA (id: 4982);4982;WCEL4 (id: 4);4;1800;779
04.14.2020 10:45:00;PLMN;RF3RN24 (id: 324);324;TAISINKUMADO (id: 40628);40628;Taisinkumado (id: 4);4;1800;339
04.14.2020 11:00:00;PLMN;MR3RN52 (id: 352);352;HATIKOUDAI (id: 1113);1113;Hatikoudai (id: 4);4;1800;323
04.14.2020 11:00:00;PLMN;MR3RN52 (id: 352);352;HATINOHEBABATYOUAW (id: 43154);43154;WCEL4 (id: 4);4;1800;387
04.14.2020 11:00:00;PLMN;MR3RN52 (id: 352);352;HATINOHENAGANAWASIRODW (id: 41172);41172;WCEL4 (id: 4);4;1800;527
04.14.2020 11:00:00;PLMN;MR3RN52 (id: 352);352;IWAIZUMITAKASUKA (id: 3224);3224;Iwaizumitakasuka (id: 4);4;1800;225
04.14.2020 11:00:00;PLMN;MR3RN52 (id: 352);352;KARUMAIHAREYAMA (id: 41203);41203;Karumaihareyama (id: 4);4;1800;298
04.14.2020 11:00:00;PLMN;MR3RN52 (id: 352);352;KAWARAGIBW (id: 40186);40186;WCEL4 (id: 4);4;0;0
04.14.2020 11:00:00;PLMN;MR3RN52 (id: 352);352;PLB_IWAIZUMIOMOTOKONARI (id: 31268);31268;PLB_IWAIZUMIOMOTOKONARI (id: 910);910;1800;663
04.14.2020 11:00:00;PLMN;MR3RN52 (id: 352);352;PLB_IWAIZUMIOMOTOKONARI (id: 31268);31268;PLB_IWAIZUMIOMOTOKONARI (id: 920);920;1800;663
04.14.2020 11:00:00;PLMN;MR3RN52 (id: 352);352;PLB_KUJISIMOTOKUSARI (id: 36284);36284;PLB_KUJISIMOTOKUSARI (id: 910);910;1800;441
04.14.2020 11:00:00;PLMN;MR3RN57 (id: 357);357;PLB_ESASIYONESATOGAKUMASAWA (id: 31227);31227;PLB_ESASIYONESATOGAKUMASAWA (id: 920);920;1800;752
04.14.2020 11:00:00;PLMN;MR3RN57 (id: 357);357;PLB_ESASIYONESATOGAKUMASAWA (id: 31227);31227;PLB_ESASIYONESATOGAKUMASAWA (id: 910);910;1800;752
04.14.2020 11:00:00;PLMN;RF3RN23 (id: 323);323;SENDAIHIGASIJUUBANTYOUAW (id: 45336);45336;WCEL4 (id: 4);4;1800;639
04.14.2020 11:00:00;PLMN;RF3RN24 (id: 324);324;IZUMIZAKITYUUKAKUKOUGYOUDANTI (id: 45686);45686;Izumizakityuukakukougyoudanti (id: 4);4;1800;436
04.14.2020 11:00:00;PLMN;RF3RN24 (id: 324);324;KOORIYAMAOOTUKIMATIAW (id: 43661);43661;WCEL4 (id: 4);4;1800;346
04.14.2020 11:00:00;PLMN;RF3RN24 (id: 324);324;KOORIYAMAOOTUKIMATIBW (id: 44649);44649;WCEL4 (id: 4);4;0;0
04.14.2020 11:00:00;PLMN;RF3RN24 (id: 324);324;MOTOMIYAARAIAW (id: 43623);43623;MotomiyaaraiAW (id: 4);4;1800;489
04.14.2020 11:00:00;PLMN;RF3RN24 (id: 324);324;PLB_SIRAKAWAKAYANE (id: 14612);14612;PLB_SIRAKAWAKAYANE (id: 920);920;1800;1161
04.14.2020 11:00:00;PLMN;RF3RN24 (id: 324);324;PLB_SIRAKAWAKAYANE (id: 14612);14612;PLB_SIRAKAWAKAYANE (id: 910);910;1800;1161
04.14.2020 11:00:00;PLMN;RF3RN24 (id: 324);324;PLB_SIRAKAWAKAYANE (id: 14612);14612;PLB_SIRAKAWAKAYANE (id: 930);930;1800;1161
04.14.2020 11:00:00;PLMN;RF3RN24 (id: 324);324;PLB_SIRAKAWAKAYANE (id: 14612);14612;Sirakawakayane (id: 4);4;1800;1161
04.14.2020 11:00:00;PLMN;RF3RN24 (id: 324);324;PLB_SIRAKAWAKURABEISITUKADA (id: 34649);34649;PLB_SIRAKAWAKURABEISITUKADA (id: 920);920;1800;1417
04.14.2020 11:00:00;PLMN;RF3RN24 (id: 324);324;PLB_SIRAKAWAKURABEISITUKADA (id: 34649);34649;PLB_SIRAKAWAKURABEISITUKADA (id: 930);930;1800;1417
04.14.2020 11:00:00;PLMN;RF3RN24 (id: 324);324;PLB_SIRAKAWAKURABEISITUKADA (id: 34649);34649;PLB_SIRAKAWAKURABEISITUKADA (id: 910);910;1800;1417
04.14.2020 11:00:00;PLMN;RF3RN24 (id: 324);324;PLB_SUKAGAWAOOKANBARAHIGASI (id: 31628);31628;PLB_SUKAGAWAOOKANBARAHIGASI (id: 910);910;1800;946
04.14.2020 11:00:00;PLMN;RF3RN24 (id: 324);324;PLB_SUKAGAWAOOKANBARAHIGASI (id: 31628);31628;PLB_SUKAGAWAOOKANBARAHIGASI (id: 920);920;1800;946
04.14.2020 11:00:00;PLMN;RF3RN24 (id: 324);324;PLB_SUKAGAWAOOKANBARAHIGASI (id: 31628);31628;PLB_SUKAGAWAOOKANBARAHIGASI (id: 930);930;1800;946
04.14.2020 11:00:00;PLMN;RF3RN24 (id: 324);324;SIRASAWAWADA (id: 4982);4982;WCEL4 (id: 4);4;1800;703
04.14.2020 11:00:00;PLMN;RF3RN24 (id: 324);324;TAISINKUMADO (id: 40628);40628;Taisinkumado (id: 4);4;1800;318
04.14.2020 11:15:00;PLMN;MR3RN52 (id: 352);352;HATIKOUDAI (id: 1113);1113;Hatikoudai (id: 4);4;1800;344
04.14.2020 11:15:00;PLMN;MR3RN52 (id: 352);352;HATINOHEBABATYOUAW (id: 43154);43154;WCEL4 (id: 4);4;1800;465
04.14.2020 11:15:00;PLMN;MR3RN52 (id: 352);352;HATINOHENAGANAWASIRODW (id: 41172);41172;WCEL4 (id: 4);4;1800;585
04.14.2020 11:15:00;PLMN;MR3RN52 (id: 352);352;IWAIZUMITAKASUKA (id: 3224);3224;Iwaizumitakasuka (id: 4);4;1800;225
04.14.2020 11:15:00;PLMN;MR3RN52 (id: 352);352;KARUMAIHAREYAMA (id: 41203);41203;Karumaihareyama (id: 4);4;1800;392
04.14.2020 11:15:00;PLMN;MR3RN52 (id: 352);352;KAWARAGIBW (id: 40186);40186;WCEL4 (id: 4);4;0;0
04.14.2020 11:15:00;PLMN;MR3RN52 (id: 352);352;PLB_IWAIZUMIOMOTOKONARI (id: 31268);31268;PLB_IWAIZUMIOMOTOKONARI (id: 920);920;1800;688
04.14.2020 11:15:00;PLMN;MR3RN52 (id: 352);352;PLB_IWAIZUMIOMOTOKONARI (id: 31268);31268;PLB_IWAIZUMIOMOTOKONARI (id: 910);910;1800;688
04.14.2020 11:15:00;PLMN;MR3RN52 (id: 352);352;PLB_KUJISIMOTOKUSARI (id: 36284);36284;PLB_KUJISIMOTOKUSARI (id: 910);910;1800;502
04.14.2020 11:15:00;PLMN;MR3RN57 (id: 357);357;PLB_ESASIYONESATOGAKUMASAWA (id: 31227);31227;PLB_ESASIYONESATOGAKUMASAWA (id: 910);910;1800;707
04.14.2020 11:15:00;PLMN;MR3RN57 (id: 357);357;PLB_ESASIYONESATOGAKUMASAWA (id: 31227);31227;PLB_ESASIYONESATOGAKUMASAWA (id: 920);920;1800;707
04.14.2020 11:15:00;PLMN;RF3RN23 (id: 323);323;SENDAIHIGASIJUUBANTYOUAW (id: 45336);45336;WCEL4 (id: 4);4;1800;643
04.14.2020 11:15:00;PLMN;RF3RN24 (id: 324);324;IZUMIZAKITYUUKAKUKOUGYOUDANTI (id: 45686);45686;Izumizakityuukakukougyoudanti (id: 4);4;1800;422
04.14.2020 11:15:00;PLMN;RF3RN24 (id: 324);324;KOORIYAMAOOTUKIMATIAW (id: 43661);43661;WCEL4 (id: 4);4;1800;341
04.14.2020 11:15:00;PLMN;RF3RN24 (id: 324);324;KOORIYAMAOOTUKIMATIBW (id: 44649);44649;WCEL4 (id: 4);4;0;0
04.14.2020 11:15:00;PLMN;RF3RN24 (id: 324);324;MOTOMIYAARAIAW (id: 43623);43623;MotomiyaaraiAW (id: 4);4;1800;592
04.14.2020 11:15:00;PLMN;RF3RN24 (id: 324);324;PLB_SIRAKAWAKAYANE (id: 14612);14612;Sirakawakayane (id: 4);4;1800;1240
04.14.2020 11:15:00;PLMN;RF3RN24 (id: 324);324;PLB_SIRAKAWAKAYANE (id: 14612);14612;PLB_SIRAKAWAKAYANE (id: 910);910;1800;1240
04.14.2020 11:15:00;PLMN;RF3RN24 (id: 324);324;PLB_SIRAKAWAKAYANE (id: 14612);14612;PLB_SIRAKAWAKAYANE (id: 930);930;1800;1240
04.14.2020 11:15:00;PLMN;RF3RN24 (id: 324);324;PLB_SIRAKAWAKAYANE (id: 14612);14612;PLB_SIRAKAWAKAYANE (id: 920);920;1800;1240
04.14.2020 11:15:00;PLMN;RF3RN24 (id: 324);324;PLB_SIRAKAWAKURABEISITUKADA (id: 34649);34649;PLB_SIRAKAWAKURABEISITUKADA (id: 930);930;1800;1399
04.14.2020 11:15:00;PLMN;RF3RN24 (id: 324);324;PLB_SIRAKAWAKURABEISITUKADA (id: 34649);34649;PLB_SIRAKAWAKURABEISITUKADA (id: 920);920;1800;1399
04.14.2020 11:15:00;PLMN;RF3RN24 (id: 324);324;PLB_SIRAKAWAKURABEISITUKADA (id: 34649);34649;PLB_SIRAKAWAKURABEISITUKADA (id: 910);910;1800;1399
04.14.2020 11:15:00;PLMN;RF3RN24 (id: 324);324;PLB_SUKAGAWAOOKANBARAHIGASI (id: 31628);31628;PLB_SUKAGAWAOOKANBARAHIGASI (id: 930);930;1800;914
04.14.2020 11:15:00;PLMN;RF3RN24 (id: 324);324;PLB_SUKAGAWAOOKANBARAHIGASI (id: 31628);31628;PLB_SUKAGAWAOOKANBARAHIGASI (id: 920);920;1800;914
04.14.2020 11:15:00;PLMN;RF3RN24 (id: 324);324;PLB_SUKAGAWAOOKANBARAHIGASI (id: 31628);31628;PLB_SUKAGAWAOOKANBARAHIGASI (id: 910);910;1800;914
04.14.2020 11:15:00;PLMN;RF3RN24 (id: 324);324;SIRASAWAWADA (id: 4982);4982;WCEL4 (id: 4);4;1800;784
04.14.2020 11:15:00;PLMN;RF3RN24 (id: 324);324;TAISINKUMADO (id: 40628);40628;Taisinkumado (id: 4);4;1800;332
04.14.2020 11:30:00;PLMN;MR3RN52 (id: 352);352;HATIKOUDAI (id: 1113);1113;Hatikoudai (id: 4);4;1800;353
04.14.2020 11:30:00;PLMN;MR3RN52 (id: 352);352;HATINOHEBABATYOUAW (id: 43154);43154;WCEL4 (id: 4);4;1800;401
04.14.2020 11:30:00;PLMN;MR3RN52 (id: 352);352;HATINOHENAGANAWASIRODW (id: 41172);41172;WCEL4 (id: 4);4;1800;565
04.14.2020 11:30:00;PLMN;MR3RN52 (id: 352);352;IWAIZUMITAKASUKA (id: 3224);3224;Iwaizumitakasuka (id: 4);4;1800;225
04.14.2020 11:30:00;PLMN;MR3RN52 (id: 352);352;KARUMAIHAREYAMA (id: 41203);41203;Karumaihareyama (id: 4);4;1800;362
04.14.2020 11:30:00;PLMN;MR3RN52 (id: 352);352;KAWARAGIBW (id: 40186);40186;WCEL4 (id: 4);4;0;0
04.14.2020 11:30:00;PLMN;MR3RN52 (id: 352);352;PLB_IWAIZUMIOMOTOKONARI (id: 31268);31268;PLB_IWAIZUMIOMOTOKONARI (id: 920);920;1800;658
04.14.2020 11:30:00;PLMN;MR3RN52 (id: 352);352;PLB_IWAIZUMIOMOTOKONARI (id: 31268);31268;PLB_IWAIZUMIOMOTOKONARI (id: 910);910;1800;658
04.14.2020 11:30:00;PLMN;MR3RN52 (id: 352);352;PLB_KUJISIMOTOKUSARI (id: 36284);36284;PLB_KUJISIMOTOKUSARI (id: 910);910;1800;490
04.14.2020 11:30:00;PLMN;MR3RN57 (id: 357);357;PLB_ESASIYONESATOGAKUMASAWA (id: 31227);31227;PLB_ESASIYONESATOGAKUMASAWA (id: 920);920;1800;713
04.14.2020 11:30:00;PLMN;MR3RN57 (id: 357);357;PLB_ESASIYONESATOGAKUMASAWA (id: 31227);31227;PLB_ESASIYONESATOGAKUMASAWA (id: 910);910;1800;713
04.14.2020 11:30:00;PLMN;RF3RN23 (id: 323);323;SENDAIHIGASIJUUBANTYOUAW (id: 45336);45336;WCEL4 (id: 4);4;1800;657
04.14.2020 11:30:00;PLMN;RF3RN24 (id: 324);324;IZUMIZAKITYUUKAKUKOUGYOUDANTI (id: 45686);45686;Izumizakityuukakukougyoudanti (id: 4);4;1800;407
04.14.2020 11:30:00;PLMN;RF3RN24 (id: 324);324;KOORIYAMAOOTUKIMATIAW (id: 43661);43661;WCEL4 (id: 4);4;1800;327
04.14.2020 11:30:00;PLMN;RF3RN24 (id: 324);324;KOORIYAMAOOTUKIMATIBW (id: 44649);44649;WCEL4 (id: 4);4;0;0
04.14.2020 11:30:00;PLMN;RF3RN24 (id: 324);324;MOTOMIYAARAIAW (id: 43623);43623;MotomiyaaraiAW (id: 4);4;1800;542
04.14.2020 11:30:00;PLMN;RF3RN24 (id: 324);324;PLB_SIRAKAWAKAYANE (id: 14612);14612;PLB_SIRAKAWAKAYANE (id: 930);930;1800;1292
04.14.2020 11:30:00;PLMN;RF3RN24 (id: 324);324;PLB_SIRAKAWAKAYANE (id: 14612);14612;Sirakawakayane (id: 4);4;1800;1292
04.14.2020 11:30:00;PLMN;RF3RN24 (id: 324);324;PLB_SIRAKAWAKAYANE (id: 14612);14612;PLB_SIRAKAWAKAYANE (id: 920);920;1800;1292
04.14.2020 11:30:00;PLMN;RF3RN24 (id: 324);324;PLB_SIRAKAWAKAYANE (id: 14612);14612;PLB_SIRAKAWAKAYANE (id: 910);910;1800;1292
04.14.2020 11:30:00;PLMN;RF3RN24 (id: 324);324;PLB_SIRAKAWAKURABEISITUKADA (id: 34649);34649;PLB_SIRAKAWAKURABEISITUKADA (id: 910);910;1800;1455
04.14.2020 11:30:00;PLMN;RF3RN24 (id: 324);324;PLB_SIRAKAWAKURABEISITUKADA (id: 34649);34649;PLB_SIRAKAWAKURABEISITUKADA (id: 920);920;1800;1455
04.14.2020 11:30:00;PLMN;RF3RN24 (id: 324);324;PLB_SIRAKAWAKURABEISITUKADA (id: 34649);34649;PLB_SIRAKAWAKURABEISITUKADA (id: 930);930;1800;1455
04.14.2020 11:30:00;PLMN;RF3RN24 (id: 324);324;PLB_SUKAGAWAOOKANBARAHIGASI (id: 31628);31628;PLB_SUKAGAWAOOKANBARAHIGASI (id: 910);910;1800;972
04.14.2020 11:30:00;PLMN;RF3RN24 (id: 324);324;PLB_SUKAGAWAOOKANBARAHIGASI (id: 31628);31628;PLB_SUKAGAWAOOKANBARAHIGASI (id: 930);930;1800;972
04.14.2020 11:30:00;PLMN;RF3RN24 (id: 324);324;PLB_SUKAGAWAOOKANBARAHIGASI (id: 31628);31628;PLB_SUKAGAWAOOKANBARAHIGASI (id: 920);920;1800;972
04.14.2020 11:30:00;PLMN;RF3RN24 (id: 324);324;SIRASAWAWADA (id: 4982);4982;WCEL4 (id: 4);4;1800;768
04.14.2020 11:30:00;PLMN;RF3RN24 (id: 324);324;TAISINKUMADO (id: 40628);40628;Taisinkumado (id: 4);4;1800;350
04.14.2020 11:45:00;PLMN;MR3RN52 (id: 352);352;HATIKOUDAI (id: 1113);1113;Hatikoudai (id: 4);4;1800;364
04.14.2020 11:45:00;PLMN;MR3RN52 (id: 352);352;HATINOHEBABATYOUAW (id: 43154);43154;WCEL4 (id: 4);4;1800;405
04.14.2020 11:45:00;PLMN;MR3RN52 (id: 352);352;HATINOHENAGANAWASIRODW (id: 41172);41172;WCEL4 (id: 4);4;1800;614
04.14.2020 11:45:00;PLMN;MR3RN52 (id: 352);352;IWAIZUMITAKASUKA (id: 3224);3224;Iwaizumitakasuka (id: 4);4;1800;225
04.14.2020 11:45:00;PLMN;MR3RN52 (id: 352);352;KARUMAIHAREYAMA (id: 41203);41203;Karumaihareyama (id: 4);4;1800;307
04.14.2020 11:45:00;PLMN;MR3RN52 (id: 352);352;KAWARAGIBW (id: 40186);40186;WCEL4 (id: 4);4;0;0
04.14.2020 11:45:00;PLMN;MR3RN52 (id: 352);352;PLB_IWAIZUMIOMOTOKONARI (id: 31268);31268;PLB_IWAIZUMIOMOTOKONARI (id: 910);910;1800;621
04.14.2020 11:45:00;PLMN;MR3RN52 (id: 352);352;PLB_IWAIZUMIOMOTOKONARI (id: 31268);31268;PLB_IWAIZUMIOMOTOKONARI (id: 920);920;1800;621
04.14.2020 11:45:00;PLMN;MR3RN52 (id: 352);352;PLB_KUJISIMOTOKUSARI (id: 36284);36284;PLB_KUJISIMOTOKUSARI (id: 910);910;1800;455
04.14.2020 11:45:00;PLMN;MR3RN57 (id: 357);357;PLB_ESASIYONESATOGAKUMASAWA (id: 31227);31227;PLB_ESASIYONESATOGAKUMASAWA (id: 920);920;1800;692
04.14.2020 11:45:00;PLMN;MR3RN57 (id: 357);357;PLB_ESASIYONESATOGAKUMASAWA (id: 31227);31227;PLB_ESASIYONESATOGAKUMASAWA (id: 910);910;1800;692
04.14.2020 11:45:00;PLMN;RF3RN23 (id: 323);323;SENDAIHIGASIJUUBANTYOUAW (id: 45336);45336;WCEL4 (id: 4);4;1800;772
04.14.2020 11:45:00;PLMN;RF3RN24 (id: 324);324;IZUMIZAKITYUUKAKUKOUGYOUDANTI (id: 45686);45686;Izumizakityuukakukougyoudanti (id: 4);4;1800;362
04.14.2020 11:45:00;PLMN;RF3RN24 (id: 324);324;KOORIYAMAOOTUKIMATIAW (id: 43661);43661;WCEL4 (id: 4);4;1800;327
04.14.2020 11:45:00;PLMN;RF3RN24 (id: 324);324;KOORIYAMAOOTUKIMATIBW (id: 44649);44649;WCEL4 (id: 4);4;0;0
04.14.2020 11:45:00;PLMN;RF3RN24 (id: 324);324;MOTOMIYAARAIAW (id: 43623);43623;MotomiyaaraiAW (id: 4);4;1800;754
04.14.2020 11:45:00;PLMN;RF3RN24 (id: 324);324;PLB_SIRAKAWAKAYANE (id: 14612);14612;PLB_SIRAKAWAKAYANE (id: 930);930;1800;1188
04.14.2020 11:45:00;PLMN;RF3RN24 (id: 324);324;PLB_SIRAKAWAKAYANE (id: 14612);14612;PLB_SIRAKAWAKAYANE (id: 910);910;1800;1188
04.14.2020 11:45:00;PLMN;RF3RN24 (id: 324);324;PLB_SIRAKAWAKAYANE (id: 14612);14612;PLB_SIRAKAWAKAYANE (id: 920);920;1800;1188
04.14.2020 11:45:00;PLMN;RF3RN24 (id: 324);324;PLB_SIRAKAWAKAYANE (id: 14612);14612;Sirakawakayane (id: 4);4;1800;1188
04.14.2020 11:45:00;PLMN;RF3RN24 (id: 324);324;PLB_SIRAKAWAKURABEISITUKADA (id: 34649);34649;PLB_SIRAKAWAKURABEISITUKADA (id: 930);930;1800;1332
04.14.2020 11:45:00;PLMN;RF3RN24 (id: 324);324;PLB_SIRAKAWAKURABEISITUKADA (id: 34649);34649;PLB_SIRAKAWAKURABEISITUKADA (id: 910);910;1800;1332
04.14.2020 11:45:00;PLMN;RF3RN24 (id: 324);324;PLB_SIRAKAWAKURABEISITUKADA (id: 34649);34649;PLB_SIRAKAWAKURABEISITUKADA (id: 920);920;1800;1332
04.14.2020 11:45:00;PLMN;RF3RN24 (id: 324);324;PLB_SUKAGAWAOOKANBARAHIGASI (id: 31628);31628;PLB_SUKAGAWAOOKANBARAHIGASI (id: 910);910;1800;949
04.14.2020 11:45:00;PLMN;RF3RN24 (id: 324);324;PLB_SUKAGAWAOOKANBARAHIGASI (id: 31628);31628;PLB_SUKAGAWAOOKANBARAHIGASI (id: 920);920;1800;949
04.14.2020 11:45:00;PLMN;RF3RN24 (id: 324);324;PLB_SUKAGAWAOOKANBARAHIGASI (id: 31628);31628;PLB_SUKAGAWAOOKANBARAHIGASI (id: 930);930;1800;949
04.14.2020 11:45:00;PLMN;RF3RN24 (id: 324);324;SIRASAWAWADA (id: 4982);4982;WCEL4 (id: 4);4;1800;667
04.14.2020 11:45:00;PLMN;RF3RN24 (id: 324);324;TAISINKUMADO (id: 40628);40628;Taisinkumado (id: 4);4;1800;330

